MDP , 3 , 1 , 0.15 , 0.15 , 5 , 8 , 10000 , 0 , 0.413487 , 3 , 5 , 1 , 4 , 
MDP , 3 , 1 , 0.15 , 0.15 , 5 , 8 , 10000 , 0 , 0.132875 , 2 , 6 , 1 , 1 , 
MDP , 3 , 1 , 0.15 , 0.15 , 5 , 8 , 10000 , 0 , 0.0149813 , 1 , 8 , 1 , 1 , 
MDP , 3 , 1 , 0.15 , 0.15 , 5 , 8 , 10000 , 0 , 0.148342 , 2 , 6 , 1 , 1 , 
MDP , 3 , 1 , 0.15 , 0.15 , 5 , 8 , 10000 , 0 , 0.105201 , 3 , 9 , 1 , 1 , 
MDP , 3 , 1 , 0.15 , 0.15 , 5 , 8 , 10000 , 0 , 0.0455663 , 1 , 6 , 1 , 3 , 
MDP , 3 , 1 , 0.15 , 0.15 , 5 , 8 , 10000 , 0 , 0.027882 , 1 , 7 , 1 , 3 , 
MDP , 3 , 1 , 0.15 , 0.15 , 5 , 8 , 10000 , 0 , 0.290411 , 4 , 8 , 1 , 1 , 
MDP , 3 , 1 , 0.15 , 0.15 , 5 , 8 , 10000 , 0 , 0.0965218 , 2 , 7 , 1 , 1 , 
MDP , 3 , 1 , 0.15 , 0.15 , 5 , 8 , 10000 , 0 , 0.151133 , 5 , 12 , 1 , 1 , 
MDP , 3 , 1 , 0.15 , 0.15 , 5 , 8 , 10000 , 0 , 0.0599376 , 2 , 8 , 1 , 1 , 
MDP , 3 , 1 , 0.15 , 0.15 , 5 , 8 , 10000 , 0 , 0.025615 , 1 , 7 , 1 , 1 , 
MDP , 3 , 1 , 0.15 , 0.15 , 5 , 8 , 10000 , 0 , 0.0963018 , 2 , 7 , 1 , 1 , 
MDP , 3 , 1 , 0.15 , 0.15 , 5 , 8 , 10000 , 0 , 0.00905159 , 1 , 9 , 1 , 3 , 
MDP , 3 , 1 , 0.15 , 0.15 , 5 , 8 , 10000 , 0 , 0.0109234 , 2 , 12 , 1 , 1 , 
MDP , 3 , 1 , 0.15 , 0.15 , 5 , 8 , 10000 , 0 , 0.155906 , 3 , 8 , 1 , 1 , 
MDP , 3 , 1 , 0.15 , 0.15 , 5 , 8 , 10000 , 0 , 0.0265577 , 2 , 10 , 1 , 1 , 
MDP , 3 , 1 , 0.15 , 0.15 , 5 , 8 , 10000 , 0 , 0.151387 , 3 , 8 , 1 , 1 , 
MDP , 3 , 1 , 0.15 , 0.15 , 5 , 8 , 10000 , 0 , 0.0252946 , 1 , 7 , 1 , 3 , 
MDP , 3 , 1 , 0.15 , 0.15 , 5 , 8 , 10000 , 0 , 0.012597 , 1 , 8 , 1 , 1 , 
MDP , 3 , 1 , 0.15 , 0.15 , 5 , 8 , 10000 , 0 , 0.0217878 , 1 , 7 , 1 , 1 , 
MDP , 3 , 1 , 0.15 , 0.15 , 5 , 8 , 10000 , 0 , 0.0137332 , 1 , 8 , 1 , 1 , 
MDP , 3 , 1 , 0.15 , 0.15 , 5 , 8 , 10000 , 0 , 0.145934 , 2 , 6 , 1 , 1 , 
MDP , 3 , 1 , 0.15 , 0.15 , 5 , 8 , 10000 , 0 , 0.0992721 , 2 , 7 , 1 , 1 , 
MDP , 3 , 1 , 0.15 , 0.15 , 5 , 8 , 10000 , 0 , 0.30363 , 3 , 6 , 1 , 1 , 
MDP , 3 , 1 , 0.15 , 0.15 , 5 , 8 , 10000 , 0 , 0.855918 , 6 , 5 , 1 , 3 , 
MDP , 3 , 1 , 0.15 , 0.15 , 5 , 8 , 10000 , 0 , 0.214454 , 4 , 9 , 1 , 1 , 
MDP , 3 , 1 , 0.15 , 0.15 , 5 , 8 , 10000 , 0 , 0.0377494 , 1 , 6 , 4 , 2 , 
MDP , 3 , 1 , 0.15 , 0.15 , 5 , 8 , 10000 , 0 , 0.00926392 , 1 , 9 , 1 , 1 , 
MDP , 3 , 1 , 0.15 , 0.15 , 5 , 8 , 10000 , 0 , 0.0238918 , 1 , 7 , 1 , 1 , 
MDP , 3 , 1 , 0.15 , 0.15 , 5 , 8 , 10000 , 0 , 0.0286065 , 2 , 10 , 2 , 3 , 
MDP , 3 , 1 , 0.15 , 0.15 , 5 , 8 , 10000 , 0 , 0.0406013 , 1 , 6 , 1 , 1 , 
MDP , 3 , 1 , 0.15 , 0.15 , 5 , 8 , 10000 , 0 , 0.0565294 , 3 , 11 , 1 , 1 , 
MDP , 3 , 1 , 0.15 , 0.15 , 5 , 8 , 10000 , 0 , 0.34671 , 5 , 9 , 1 , 1 , 
MDP , 3 , 1 , 0.15 , 0.15 , 5 , 8 , 10000 , 0 , 0.063661 , 2 , 8 , 1 , 1 , 
MDP , 3 , 1 , 0.15 , 0.15 , 5 , 8 , 10000 , 0 , 0.328198 , 2 , 4 , 1 , 7 , 
MDP , 3 , 1 , 0.15 , 0.15 , 5 , 8 , 10000 , 0 , 0.214128 , 3 , 7 , 1 , 1 , 
MDP , 3 , 1 , 0.15 , 0.15 , 5 , 8 , 10000 , 0 , 0.0921329 , 2 , 7 , 1 , 1 , 
MDP , 3 , 1 , 0.15 , 0.15 , 5 , 8 , 10000 , 0 , 0.0418033 , 1 , 6 , 1 , 1 , 
MDP , 3 , 1 , 0.15 , 0.15 , 5 , 8 , 10000 , 0 , 0.0611227 , 2 , 8 , 1 , 1 , 
MDP , 3 , 1 , 0.15 , 0.15 , 5 , 8 , 10000 , 0 , 0.10704 , 3 , 9 , 1 , 1 , 
MDP , 3 , 1 , 0.15 , 0.15 , 5 , 8 , 10000 , 0 , 0.0259648 , 1 , 7 , 1 , 1 , 
MDP , 3 , 1 , 0.15 , 0.15 , 5 , 8 , 10000 , 0 , 0.0255838 , 1 , 7 , 1 , 1 , 
MDP , 3 , 1 , 0.15 , 0.15 , 5 , 8 , 10000 , 0 , 0.151958 , 2 , 6 , 1 , 3 , 
MDP , 3 , 1 , 0.15 , 0.15 , 5 , 8 , 10000 , 0 , 0.0234661 , 1 , 7 , 1 , 1 , 
MDP , 3 , 1 , 0.15 , 0.15 , 5 , 8 , 10000 , 0 , 0.152351 , 3 , 8 , 1 , 1 , 
MDP , 3 , 1 , 0.15 , 0.15 , 5 , 8 , 10000 , 0 , 0.0674508 , 2 , 8 , 1 , 1 , 
MDP , 3 , 1 , 0.15 , 0.15 , 5 , 8 , 10000 , 0 , 0.0842475 , 5 , 14 , 1 , 1 , 
MDP , 3 , 1 , 0.15 , 0.15 , 5 , 8 , 10000 , 0 , 0.0367677 , 1 , 6 , 2 , 3 , 
MDP , 3 , 1 , 0.15 , 0.15 , 5 , 8 , 10000 , 0 , 0.147027 , 3 , 8 , 1 , 1 , 
MDP , 3 , 1 , 0.15 , 0.15 , 5 , 8 , 10000 , 0 , 0.0665083 , 1 , 5 , 1 , 3 , 
MDP , 3 , 1 , 0.15 , 0.15 , 5 , 8 , 10000 , 0 , 0.155915 , 3 , 8 , 1 , 1 , 
MDP , 3 , 1 , 0.15 , 0.15 , 5 , 8 , 10000 , 0 , 0.530782 , 5 , 7 , 1 , 1 , 
MDP , 3 , 1 , 0.15 , 0.15 , 5 , 8 , 10000 , 0 , 0.0664445 , 2 , 8 , 1 , 1 , 
MDP , 3 , 1 , 0.15 , 0.15 , 5 , 8 , 10000 , 0 , 0.198982 , 5 , 11 , 1 , 1 , 
MDP , 3 , 1 , 0.15 , 0.15 , 5 , 8 , 10000 , 0 , 0.0256672 , 2 , 10 , 1 , 1 , 
MDP , 3 , 1 , 0.15 , 0.15 , 5 , 8 , 10000 , 0 , 0.0188526 , 2 , 11 , 1 , 3 , 
MDP , 3 , 1 , 0.15 , 0.15 , 5 , 8 , 10000 , 0 , 0.107702 , 3 , 9 , 1 , 1 , 
MDP , 3 , 1 , 0.15 , 0.15 , 5 , 8 , 10000 , 0 , 0.0667496 , 1 , 5 , 2 , 3 , 
MDP , 3 , 1 , 0.15 , 0.15 , 5 , 8 , 10000 , 0 , 0.220431 , 2 , 5 , 1 , 3 , 
MDP , 3 , 1 , 0.15 , 0.15 , 5 , 8 , 10000 , 0 , 0.0977539 , 2 , 7 , 1 , 1 , 
MDP , 3 , 1 , 0.15 , 0.15 , 5 , 8 , 10000 , 0 , 0.220561 , 3 , 7 , 1 , 1 , 
MDP , 3 , 1 , 0.15 , 0.15 , 5 , 8 , 10000 , 0 , 0.151189 , 2 , 6 , 1 , 1 , 
MDP , 3 , 1 , 0.15 , 0.15 , 5 , 8 , 10000 , 0 , 0.145724 , 2 , 6 , 1 , 1 , 
MDP , 3 , 1 , 0.15 , 0.15 , 5 , 8 , 10000 , 0 , 0.0823015 , 4 , 12 , 1 , 1 , 
MDP , 3 , 1 , 0.15 , 0.15 , 5 , 8 , 10000 , 0 , 0.0441585 , 2 , 9 , 1 , 1 , 
MDP , 3 , 1 , 0.15 , 0.15 , 5 , 8 , 10000 , 0 , 0.101624 , 3 , 9 , 1 , 1 , 
MDP , 3 , 1 , 0.15 , 0.15 , 5 , 8 , 10000 , 0 , 0.38336 , 4 , 7 , 1 , 1 , 
MDP , 3 , 1 , 0.15 , 0.15 , 5 , 8 , 10000 , 0 , 0.0409399 , 1 , 6 , 1 , 1 , 
MDP , 3 , 1 , 0.15 , 0.15 , 5 , 8 , 10000 , 0 , 0.207801 , 5 , 11 , 1 , 1 , 
MDP , 3 , 1 , 0.15 , 0.15 , 5 , 8 , 10000 , 0 , 0.0718415 , 1 , 5 , 1 , 3 , 
MDP , 3 , 1 , 0.15 , 0.15 , 5 , 8 , 10000 , 0 , 0.02692 , 1 , 7 , 1 , 3 , 
MDP , 3 , 1 , 0.15 , 0.15 , 5 , 8 , 10000 , 0 , 0.147688 , 2 , 6 , 1 , 1 , 
MDP , 3 , 1 , 0.15 , 0.15 , 5 , 8 , 10000 , 0 , 0.043912 , 2 , 9 , 1 , 1 , 
MDP , 3 , 1 , 0.15 , 0.15 , 5 , 8 , 10000 , 0 , 0.0694013 , 1 , 5 , 2 , 5 , 
MDP , 3 , 1 , 0.15 , 0.15 , 5 , 8 , 10000 , 0 , 0.0716787 , 1 , 5 , 1 , 3 , 
MDP , 3 , 1 , 0.15 , 0.15 , 5 , 8 , 10000 , 0 , 0.0962326 , 2 , 7 , 1 , 1 , 
MDP , 3 , 1 , 0.15 , 0.15 , 5 , 8 , 10000 , 0 , 0.146362 , 2 , 6 , 1 , 1 , 
MDP , 3 , 1 , 0.15 , 0.15 , 5 , 8 , 10000 , 0 , 0.0250914 , 1 , 7 , 1 , 3 , 
MDP , 3 , 1 , 0.15 , 0.15 , 5 , 8 , 10000 , 0 , 0.141495 , 2 , 6 , 1 , 1 , 
MDP , 3 , 1 , 0.15 , 0.15 , 5 , 8 , 10000 , 0 , 0.213707 , 3 , 7 , 1 , 1 , 
MDP , 3 , 1 , 0.15 , 0.15 , 5 , 8 , 10000 , 0 , 0.0991275 , 2 , 7 , 1 , 3 , 
MDP , 3 , 1 , 0.15 , 0.15 , 5 , 8 , 10000 , 0 , 0.01511 , 1 , 8 , 1 , 1 , 
MDP , 3 , 1 , 0.15 , 0.15 , 5 , 8 , 10000 , 0 , 0.0399959 , 1 , 6 , 1 , 3 , 
MDP , 3 , 1 , 0.15 , 0.15 , 5 , 8 , 10000 , 0 , 0.0386001 , 2 , 9 , 1 , 1 , 
MDP , 3 , 1 , 0.15 , 0.15 , 5 , 8 , 10000 , 0 , 0.304519 , 3 , 6 , 1 , 1 , 
MDP , 3 , 1 , 0.15 , 0.15 , 5 , 8 , 10000 , 0 , 0.0148395 , 1 , 8 , 2 , 3 , 
MDP , 3 , 1 , 0.15 , 0.15 , 5 , 8 , 10000 , 0 , 0.85732 , 6 , 5 , 1 , 3 , 
MDP , 3 , 1 , 0.15 , 0.15 , 5 , 8 , 10000 , 0 , 0.0728672 , 3 , 10 , 1 , 1 , 
MDP , 3 , 1 , 0.15 , 0.15 , 5 , 8 , 10000 , 0 , 0.0372007 , 2 , 9 , 1 , 1 , 
MDP , 3 , 1 , 0.15 , 0.15 , 5 , 8 , 10000 , 0 , 0.108821 , 3 , 9 , 1 , 1 , 
MDP , 3 , 1 , 0.15 , 0.15 , 5 , 8 , 10000 , 0 , 0.112145 , 3 , 9 , 1 , 1 , 
MDP , 3 , 1 , 0.15 , 0.15 , 5 , 8 , 10000 , 0 , 0.0255993 , 1 , 7 , 2 , 3 , 
MDP , 3 , 1 , 0.15 , 0.15 , 5 , 8 , 10000 , 0 , 0.0740741 , 1 , 5 , 1 , 3 , 
MDP , 3 , 1 , 0.15 , 0.15 , 5 , 8 , 10000 , 0 , 0.0629823 , 2 , 8 , 1 , 1 , 
MDP , 3 , 1 , 0.15 , 0.15 , 5 , 8 , 10000 , 0 , 0.0269223 , 2 , 10 , 1 , 1 , 
MDP , 3 , 1 , 0.15 , 0.15 , 5 , 8 , 10000 , 0 , 0.010275 , 1 , 9 , 1 , 1 , 
MDP , 3 , 1 , 0.15 , 0.15 , 5 , 8 , 10000 , 0 , 0.140753 , 2 , 6 , 1 , 1 , 
MDP , 3 , 1 , 0.15 , 0.15 , 5 , 8 , 10000 , 0 , 0.282425 , 4 , 8 , 1 , 1 , 
MDP , 3 , 1 , 0.15 , 0.15 , 5 , 8 , 10000 , 0 , 0.154693 , 3 , 8 , 1 , 1 , 
MDP , 3 , 1 , 0.2 , 0.2 , 5 , 8 , 10000 , 0 , 0.302016 , 3 , 6 , 2 , 3 , 
MDP , 3 , 1 , 0.2 , 0.2 , 5 , 8 , 10000 , 0 , 0.853096 , 6 , 5 , 4 , 2 , 
MDP , 3 , 1 , 0.2 , 0.2 , 5 , 8 , 10000 , 0 , 0.251068 , 6 , 12 , 1 , 1 , 
MDP , 3 , 1 , 0.2 , 0.2 , 5 , 8 , 10000 , 0 , 0.118092 , 4 , 11 , 1 , 1 , 
MDP , 3 , 1 , 0.2 , 0.2 , 5 , 8 , 10000 , 0 , 0.0267776 , 1 , 7 , 1 , 1 , 
MDP , 3 , 1 , 0.2 , 0.2 , 5 , 8 , 10000 , 0 , 0.0376033 , 2 , 9 , 2 , 3 , 
MDP , 3 , 1 , 0.2 , 0.2 , 5 , 8 , 10000 , 0 , 0.158891 , 3 , 8 , 1 , 1 , 
MDP , 3 , 1 , 0.2 , 0.2 , 5 , 8 , 10000 , 0 , 0.0636837 , 2 , 8 , 1 , 1 , 
MDP , 3 , 1 , 0.2 , 0.2 , 5 , 8 , 10000 , 0 , 0.376545 , 4 , 7 , 1 , 1 , 
MDP , 3 , 1 , 0.2 , 0.2 , 5 , 8 , 10000 , 0 , 0.147854 , 3 , 8 , 1 , 1 , 
MDP , 3 , 1 , 0.2 , 0.2 , 5 , 8 , 10000 , 0 , 0.0147237 , 1 , 8 , 1 , 1 , 
MDP , 3 , 1 , 0.2 , 0.2 , 5 , 8 , 10000 , 0 , 0.0270215 , 1 , 7 , 1 , 1 , 
MDP , 3 , 1 , 0.2 , 0.2 , 5 , 8 , 10000 , 0 , 0.15838 , 4 , 10 , 1 , 1 , 
MDP , 3 , 1 , 0.2 , 0.2 , 5 , 8 , 10000 , 0 , 0.091504 , 2 , 7 , 1 , 1 , 
MDP , 3 , 1 , 0.2 , 0.2 , 5 , 8 , 10000 , 0 , 0.0388041 , 1 , 6 , 1 , 1 , 
MDP , 3 , 1 , 0.2 , 0.2 , 5 , 8 , 10000 , 0 , 0.0260507 , 1 , 7 , 3 , 6 , 
MDP , 3 , 1 , 0.2 , 0.2 , 5 , 8 , 10000 , 0 , 0.691362 , 6 , 7 , 1 , 1 , 
MDP , 3 , 1 , 0.2 , 0.2 , 5 , 8 , 10000 , 0 , 0.894295 , 5 , 3 , 4 , 5 , 
MDP , 3 , 1 , 0.2 , 0.2 , 5 , 8 , 10000 , 0 , 0.0251241 , 1 , 7 , 1 , 4 , 
MDP , 3 , 1 , 0.2 , 0.2 , 5 , 8 , 10000 , 0 , 0.143195 , 2 , 6 , 1 , 1 , 
MDP , 3 , 1 , 0.2 , 0.2 , 5 , 8 , 10000 , 0 , 0.0380463 , 2 , 9 , 1 , 1 , 
MDP , 3 , 1 , 0.2 , 0.2 , 5 , 8 , 10000 , 0 , 0.0152402 , 1 , 8 , 1 , 3 , 
MDP , 3 , 1 , 0.2 , 0.2 , 5 , 8 , 10000 , 0 , 0.02222 , 1 , 7 , 1 , 1 , 
MDP , 3 , 1 , 0.2 , 0.2 , 5 , 8 , 10000 , 0 , 0.151075 , 3 , 8 , 1 , 1 , 
MDP , 3 , 1 , 0.2 , 0.2 , 5 , 8 , 10000 , 0 , 0.213161 , 4 , 9 , 1 , 1 , 
MDP , 3 , 1 , 0.2 , 0.2 , 5 , 8 , 10000 , 0 , 0.0408497 , 1 , 6 , 2 , 3 , 
MDP , 3 , 1 , 0.2 , 0.2 , 5 , 8 , 10000 , 0 , 0.0716488 , 1 , 5 , 1 , 3 , 
MDP , 3 , 1 , 0.2 , 0.2 , 5 , 8 , 10000 , 0 , 0.144348 , 2 , 6 , 1 , 1 , 
MDP , 3 , 1 , 0.2 , 0.2 , 5 , 8 , 10000 , 0 , 0.0658073 , 2 , 8 , 1 , 1 , 
MDP , 3 , 1 , 0.2 , 0.2 , 5 , 8 , 10000 , 0 , 0.0613222 , 2 , 8 , 1 , 1 , 
MDP , 3 , 1 , 0.2 , 0.2 , 5 , 8 , 10000 , 0 , 0.486903 , 4 , 6 , 1 , 1 , 
MDP , 3 , 1 , 0.2 , 0.2 , 5 , 8 , 10000 , 0 , 0.0934362 , 2 , 7 , 1 , 1 , 
MDP , 3 , 1 , 0.2 , 0.2 , 5 , 8 , 10000 , 0 , 0.0146465 , 1 , 8 , 1 , 3 , 
MDP , 3 , 1 , 0.2 , 0.2 , 5 , 8 , 10000 , 0 , 0.0283731 , 2 , 10 , 1 , 1 , 
MDP , 3 , 1 , 0.2 , 0.2 , 5 , 8 , 10000 , 0 , 0.834003 , 5 , 4 , 2 , 5 , 
MDP , 3 , 1 , 0.2 , 0.2 , 5 , 8 , 10000 , 0 , 0.0172554 , 2 , 11 , 1 , 1 , 
MDP , 3 , 1 , 0.2 , 0.2 , 5 , 8 , 10000 , 0 , 0.378691 , 4 , 7 , 1 , 1 , 
MDP , 3 , 1 , 0.2 , 0.2 , 5 , 8 , 10000 , 0 , 0.0259925 , 1 , 7 , 1 , 3 , 
MDP , 3 , 1 , 0.2 , 0.2 , 5 , 8 , 10000 , 0 , 0.154437 , 3 , 8 , 1 , 1 , 
MDP , 3 , 1 , 0.2 , 0.2 , 5 , 8 , 10000 , 0 , 0.40584 , 6 , 10 , 1 , 1 , 
MDP , 3 , 1 , 0.2 , 0.2 , 5 , 8 , 10000 , 0 , 0.214595 , 3 , 7 , 1 , 1 , 
MDP , 3 , 1 , 0.2 , 0.2 , 5 , 8 , 10000 , 0 , 0.00925926 , 1 , 9 , 1 , 1 , 
MDP , 3 , 1 , 0.2 , 0.2 , 5 , 8 , 10000 , 0 , 0.0936215 , 2 , 7 , 1 , 1 , 
MDP , 3 , 1 , 0.2 , 0.2 , 5 , 8 , 10000 , 0 , 0.376589 , 4 , 7 , 1 , 1 , 
MDP , 3 , 1 , 0.2 , 0.2 , 5 , 8 , 10000 , 0 , 0.0739332 , 3 , 10 , 1 , 1 , 
MDP , 3 , 1 , 0.2 , 0.2 , 5 , 8 , 10000 , 0 , 0.00492017 , 1 , 10 , 1 , 1 , 
MDP , 3 , 1 , 0.2 , 0.2 , 5 , 8 , 10000 , 0 , 0.442689 , 5 , 8 , 1 , 1 , 
MDP , 3 , 1 , 0.2 , 0.2 , 5 , 8 , 10000 , 0 , 0.279378 , 4 , 8 , 1 , 1 , 
MDP , 3 , 1 , 0.2 , 0.2 , 5 , 8 , 10000 , 0 , 0.212821 , 3 , 7 , 1 , 1 , 
MDP , 3 , 1 , 0.2 , 0.2 , 5 , 8 , 10000 , 0 , 0.0263638 , 1 , 7 , 1 , 1 , 
MDP , 3 , 1 , 0.2 , 0.2 , 5 , 8 , 10000 , 0 , 0.0401238 , 2 , 9 , 1 , 1 , 
MDP , 3 , 1 , 0.2 , 0.2 , 5 , 8 , 10000 , 0 , 0.153972 , 3 , 8 , 1 , 1 , 
MDP , 3 , 1 , 0.2 , 0.2 , 5 , 8 , 10000 , 0 , 0.29384 , 3 , 6 , 1 , 1 , 
MDP , 3 , 1 , 0.2 , 0.2 , 5 , 8 , 10000 , 0 , 0.153896 , 3 , 8 , 1 , 5 , 
MDP , 3 , 1 , 0.2 , 0.2 , 5 , 8 , 10000 , 0 , 0.297501 , 3 , 6 , 1 , 1 , 
MDP , 3 , 1 , 0.2 , 0.2 , 5 , 8 , 10000 , 0 , 0.0241821 , 1 , 7 , 1 , 1 , 
MDP , 3 , 1 , 0.2 , 0.2 , 5 , 8 , 10000 , 0 , 0.153653 , 3 , 8 , 1 , 1 , 
MDP , 3 , 1 , 0.2 , 0.2 , 5 , 8 , 10000 , 0 , 0.662253 , 3 , 3 , 2 , 7 , 
MDP , 3 , 1 , 0.2 , 0.2 , 5 , 8 , 10000 , 0 , 0.143791 , 2 , 6 , 1 , 1 , 
MDP , 3 , 1 , 0.2 , 0.2 , 5 , 8 , 10000 , 0 , 0.0379773 , 1 , 6 , 1 , 1 , 
MDP , 3 , 1 , 0.2 , 0.2 , 5 , 8 , 10000 , 0 , 0.48207 , 4 , 6 , 2 , 3 , 
MDP , 3 , 1 , 0.2 , 0.2 , 5 , 8 , 10000 , 0 , 0.420488 , 3 , 5 , 1 , 3 , 
MDP , 3 , 1 , 0.2 , 0.2 , 5 , 8 , 10000 , 0 , 0.813039 , 4 , 3 , 3 , 7 , 
MDP , 3 , 1 , 0.2 , 0.2 , 5 , 8 , 10000 , 0 , 0.0321157 , 4 , 15 , 1 , 3 , 
MDP , 3 , 1 , 0.2 , 0.2 , 5 , 8 , 10000 , 0 , 0.299933 , 3 , 6 , 2 , 3 , 
MDP , 3 , 1 , 0.2 , 0.2 , 5 , 8 , 10000 , 0 , 0.10593 , 2 , 7 , 1 , 1 , 
MDP , 3 , 1 , 0.2 , 0.2 , 5 , 8 , 10000 , 0 , 0.0601895 , 2 , 8 , 1 , 1 , 
MDP , 3 , 1 , 0.2 , 0.2 , 5 , 8 , 10000 , 0 , 0.213655 , 4 , 9 , 1 , 1 , 
MDP , 3 , 1 , 0.2 , 0.2 , 5 , 8 , 10000 , 0 , 0.912716 , 7 , 5 , 2 , 3 , 
MDP , 3 , 1 , 0.2 , 0.2 , 5 , 8 , 10000 , 0 , 0.0417733 , 1 , 6 , 1 , 1 , 
MDP , 3 , 1 , 0.2 , 0.2 , 5 , 8 , 10000 , 0 , 0.155373 , 5 , 12 , 1 , 1 , 
MDP , 3 , 1 , 0.2 , 0.2 , 5 , 8 , 10000 , 0 , 0.782772 , 6 , 6 , 1 , 4 , 
MDP , 3 , 1 , 0.2 , 0.2 , 5 , 8 , 10000 , 0 , 0.0279312 , 2 , 10 , 1 , 1 , 
MDP , 3 , 1 , 0.2 , 0.2 , 5 , 8 , 10000 , 0 , 0.477082 , 4 , 6 , 1 , 1 , 
MDP , 3 , 1 , 0.2 , 0.2 , 5 , 8 , 10000 , 0 , 0.216273 , 3 , 7 , 1 , 1 , 
MDP , 3 , 1 , 0.2 , 0.2 , 5 , 8 , 10000 , 0 , 0.287533 , 4 , 8 , 1 , 1 , 
MDP , 3 , 1 , 0.2 , 0.2 , 5 , 8 , 10000 , 0 , 0.0889567 , 2 , 7 , 1 , 1 , 
MDP , 3 , 1 , 0.2 , 0.2 , 5 , 8 , 10000 , 0 , 0.219681 , 4 , 9 , 1 , 1 , 
MDP , 3 , 1 , 0.2 , 0.2 , 5 , 8 , 10000 , 0 , 0.0643244 , 2 , 8 , 1 , 1 , 
MDP , 3 , 1 , 0.2 , 0.2 , 5 , 8 , 10000 , 0 , 0.84028 , 5 , 4 , 5 , 6 , 
MDP , 3 , 1 , 0.2 , 0.2 , 5 , 8 , 10000 , 0 , 0.0941586 , 2 , 7 , 1 , 1 , 
MDP , 3 , 1 , 0.2 , 0.2 , 5 , 8 , 10000 , 0 , 0.221455 , 3 , 7 , 1 , 1 , 
MDP , 3 , 1 , 0.2 , 0.2 , 5 , 8 , 10000 , 0 , 0.0174602 , 2 , 11 , 1 , 1 , 
MDP , 3 , 1 , 0.2 , 0.2 , 5 , 8 , 10000 , 0 , 0.0683179 , 2 , 8 , 1 , 4 , 
MDP , 3 , 1 , 0.2 , 0.2 , 5 , 8 , 10000 , 0 , 0.024472 , 1 , 7 , 1 , 3 , 
MDP , 3 , 1 , 0.2 , 0.2 , 5 , 8 , 10000 , 0 , 0.3849 , 4 , 7 , 1 , 1 , 
MDP , 3 , 1 , 0.2 , 0.2 , 5 , 8 , 10000 , 0 , 0.03538 , 3 , 12 , 1 , 1 , 
MDP , 3 , 1 , 0.2 , 0.2 , 5 , 8 , 10000 , 0 , 0.970982 , 7 , 3 , 4 , 4 , 
MDP , 3 , 1 , 0.2 , 0.2 , 5 , 8 , 10000 , 0 , 0.0201301 , 1 , 7 , 1 , 1 , 
MDP , 3 , 1 , 0.2 , 0.2 , 5 , 8 , 10000 , 0 , 0.226882 , 3 , 7 , 1 , 1 , 
MDP , 3 , 1 , 0.2 , 0.2 , 5 , 8 , 10000 , 0 , 0.27839 , 4 , 8 , 1 , 1 , 
MDP , 3 , 1 , 0.2 , 0.2 , 5 , 8 , 10000 , 0 , 0.352941 , 5 , 9 , 1 , 1 , 
MDP , 3 , 1 , 0.2 , 0.2 , 5 , 8 , 10000 , 0 , 0.149147 , 4 , 10 , 1 , 1 , 
MDP , 3 , 1 , 0.2 , 0.2 , 5 , 8 , 10000 , 0 , 0.370379 , 4 , 7 , 1 , 1 , 
MDP , 3 , 1 , 0.2 , 0.2 , 5 , 8 , 10000 , 0 , 0.540793 , 5 , 7 , 1 , 1 , 
MDP , 3 , 1 , 0.2 , 0.2 , 5 , 8 , 10000 , 0 , 0.481439 , 4 , 6 , 1 , 3 , 
MDP , 3 , 1 , 0.2 , 0.2 , 5 , 8 , 10000 , 0 , 0.157866 , 3 , 8 , 1 , 1 , 
MDP , 3 , 1 , 0.2 , 0.2 , 5 , 8 , 10000 , 0 , 0.0242116 , 1 , 7 , 1 , 1 , 
MDP , 3 , 1 , 0.2 , 0.2 , 5 , 8 , 10000 , 0 , 0.00532235 , 1 , 10 , 1 , 1 , 
MDP , 3 , 1 , 0.2 , 0.2 , 5 , 8 , 10000 , 0 , 0.0629618 , 2 , 8 , 1 , 1 , 
MDP , 3 , 1 , 0.25 , 0.25 , 5 , 8 , 10000 , 0 , 0.593119 , 4 , 5 , 3 , 3 , 
MDP , 3 , 1 , 0.25 , 0.25 , 5 , 8 , 10000 , 0 , 0.0392964 , 2 , 9 , 1 , 1 , 
MDP , 3 , 1 , 0.25 , 0.25 , 5 , 8 , 10000 , 0 , 0.281428 , 4 , 8 , 1 , 1 , 
MDP , 3 , 1 , 0.25 , 0.25 , 5 , 8 , 10000 , 0 , 0.0104849 , 1 , 9 , 1 , 1 , 
MDP , 3 , 1 , 0.25 , 0.25 , 5 , 8 , 10000 , 0 , 0.320857 , 6 , 11 , 1 , 1 , 
MDP , 3 , 1 , 0.25 , 0.25 , 5 , 8 , 10000 , 0 , 0.148033 , 2 , 6 , 1 , 1 , 
MDP , 3 , 1 , 0.25 , 0.25 , 5 , 8 , 10000 , 0 , 0.672736 , 8 , 10 , 1 , 1 , 
MDP , 3 , 1 , 0.25 , 0.25 , 5 , 8 , 10000 , 0 , 0.212605 , 4 , 9 , 1 , 1 , 
MDP , 3 , 1 , 0.25 , 0.25 , 5 , 8 , 10000 , 0 , 0.0690803 , 2 , 8 , 1 , 1 , 
MDP , 3 , 1 , 0.25 , 0.25 , 5 , 8 , 10000 , 0 , 0.097347 , 2 , 7 , 1 , 1 , 
MDP , 3 , 1 , 0.25 , 0.25 , 5 , 8 , 10000 , 0 , 0.812192 , 4 , 3 , 3 , 7 , 
MDP , 3 , 1 , 0.25 , 0.25 , 5 , 8 , 10000 , 0 , 0.651398 , 5 , 6 , 1 , 1 , 
MDP , 3 , 1 , 0.25 , 0.25 , 5 , 8 , 10000 , 0 , 0.0405779 , 1 , 6 , 1 , 1 , 
MDP , 3 , 1 , 0.25 , 0.25 , 5 , 8 , 10000 , 0 , 0.216082 , 3 , 7 , 1 , 1 , 
MDP , 3 , 1 , 0.25 , 0.25 , 5 , 8 , 10000 , 0 , 0.0385441 , 1 , 6 , 2 , 5 , 
MDP , 3 , 1 , 0.25 , 0.25 , 5 , 8 , 10000 , 0 , 0.158109 , 4 , 10 , 1 , 1 , 
MDP , 3 , 1 , 0.25 , 0.25 , 5 , 8 , 10000 , 0 , 0.0192815 , 1 , 7 , 1 , 1 , 
MDP , 3 , 1 , 0.25 , 0.25 , 5 , 8 , 10000 , 0 , 0.0149843 , 2 , 11 , 1 , 1 , 
MDP , 3 , 1 , 0.25 , 0.25 , 5 , 8 , 10000 , 0 , 0.811214 , 4 , 3 , 6 , 7 , 
MDP , 3 , 1 , 0.25 , 0.25 , 5 , 8 , 10000 , 0 , 0.44111 , 5 , 8 , 1 , 1 , 
MDP , 3 , 1 , 0.25 , 0.25 , 5 , 8 , 10000 , 0 , 0.213204 , 3 , 7 , 1 , 1 , 
MDP , 3 , 1 , 0.25 , 0.25 , 5 , 8 , 10000 , 0 , 0.386382 , 4 , 7 , 1 , 1 , 
MDP , 3 , 1 , 0.25 , 0.25 , 5 , 8 , 10000 , 0 , 0.013029 , 1 , 8 , 1 , 1 , 
MDP , 3 , 1 , 0.25 , 0.25 , 5 , 8 , 10000 , 0 , 0.0238773 , 1 , 7 , 1 , 1 , 
MDP , 3 , 1 , 0.25 , 0.25 , 5 , 8 , 10000 , 0 , 0.286687 , 4 , 8 , 1 , 1 , 
MDP , 3 , 1 , 0.25 , 0.25 , 5 , 8 , 10000 , 0 , 0.0596845 , 2 , 8 , 1 , 1 , 
MDP , 3 , 1 , 0.25 , 0.25 , 5 , 8 , 10000 , 0 , 0.546279 , 5 , 7 , 1 , 1 , 
MDP , 3 , 1 , 0.25 , 0.25 , 5 , 8 , 10000 , 0 , 0.0384262 , 1 , 6 , 1 , 1 , 
MDP , 3 , 1 , 0.25 , 0.25 , 5 , 8 , 10000 , 0 , 0.0229908 , 1 , 7 , 4 , 4 , 
MDP , 3 , 1 , 0.25 , 0.25 , 5 , 8 , 10000 , 0 , 0.0172291 , 2 , 11 , 4 , 4 , 
MDP , 3 , 1 , 0.25 , 0.25 , 5 , 8 , 10000 , 0 , 0.642213 , 5 , 6 , 2 , 3 , 
MDP , 3 , 1 , 0.25 , 0.25 , 5 , 8 , 10000 , 0 , 0.0404133 , 1 , 6 , 1 , 1 , 
MDP , 3 , 1 , 0.25 , 0.25 , 5 , 8 , 10000 , 0 , 0.685223 , 6 , 7 , 1 , 1 , 
MDP , 3 , 1 , 0.25 , 0.25 , 5 , 8 , 10000 , 0 , 0.397725 , 6 , 10 , 1 , 1 , 
MDP , 3 , 1 , 0.25 , 0.25 , 5 , 8 , 10000 , 0 , 0.502524 , 6 , 9 , 1 , 1 , 
MDP , 3 , 1 , 0.25 , 0.25 , 5 , 8 , 10000 , 0 , 0.150251 , 2 , 6 , 1 , 1 , 
MDP , 3 , 1 , 0.25 , 0.25 , 5 , 8 , 10000 , 0 , 0.0628381 , 2 , 8 , 1 , 1 , 
MDP , 3 , 1 , 0.25 , 0.25 , 5 , 8 , 10000 , 0 , 0.110341 , 3 , 9 , 1 , 3 , 
MDP , 3 , 1 , 0.25 , 0.25 , 5 , 8 , 10000 , 0 , 0.301162 , 3 , 6 , 1 , 1 , 
MDP , 3 , 1 , 0.25 , 0.25 , 5 , 8 , 10000 , 0 , 0.815784 , 4 , 3 , 1 , 8 , 
MDP , 3 , 1 , 0.25 , 0.25 , 5 , 8 , 10000 , 0 , 0.21492 , 3 , 7 , 1 , 1 , 
MDP , 3 , 1 , 0.25 , 0.25 , 5 , 8 , 10000 , 0 , 0.0773545 , 3 , 10 , 1 , 1 , 
MDP , 3 , 1 , 0.25 , 0.25 , 5 , 8 , 10000 , 0 , 0.0952982 , 2 , 7 , 1 , 1 , 
MDP , 3 , 1 , 0.25 , 0.25 , 5 , 8 , 10000 , 0 , 0.144573 , 2 , 6 , 1 , 1 , 
MDP , 3 , 1 , 0.25 , 0.25 , 5 , 8 , 10000 , 0 , 0.00865975 , 1 , 9 , 1 , 1 , 
MDP , 3 , 1 , 0.25 , 0.25 , 5 , 8 , 10000 , 0 , 0.546393 , 5 , 7 , 3 , 5 , 
MDP , 3 , 1 , 0.25 , 0.25 , 5 , 8 , 10000 , 0 , 0.162965 , 3 , 8 , 1 , 1 , 
MDP , 3 , 1 , 0.25 , 0.25 , 5 , 8 , 10000 , 0 , 0.493483 , 6 , 9 , 1 , 1 , 
MDP , 3 , 1 , 0.25 , 0.25 , 5 , 8 , 10000 , 0 , 0.746579 , 5 , 5 , 3 , 3 , 
MDP , 3 , 1 , 0.25 , 0.25 , 5 , 8 , 10000 , 0 , 0.00977428 , 1 , 9 , 1 , 1 , 
MDP , 3 , 1 , 0.25 , 0.25 , 5 , 8 , 10000 , 0 , 0.143709 , 2 , 6 , 1 , 1 , 
MDP , 3 , 1 , 0.25 , 0.25 , 5 , 8 , 10000 , 0 , 0.155739 , 3 , 8 , 1 , 1 , 
MDP , 3 , 1 , 0.25 , 0.25 , 5 , 8 , 10000 , 0 , 0.0324984 , 5 , 17 , 1 , 1 , 
MDP , 3 , 1 , 0.25 , 0.25 , 5 , 8 , 10000 , 0 , 0.760073 , 5 , 5 , 1 , 5 , 
MDP , 3 , 1 , 0.25 , 0.25 , 5 , 8 , 10000 , 0 , 0.201446 , 5 , 11 , 1 , 1 , 
MDP , 3 , 1 , 0.25 , 0.25 , 5 , 8 , 10000 , 0 , 0.0758548 , 3 , 10 , 1 , 1 , 
MDP , 3 , 1 , 0.25 , 0.25 , 5 , 8 , 10000 , 0 , 0.347892 , 5 , 9 , 1 , 1 , 
MDP , 3 , 1 , 0.25 , 0.25 , 5 , 8 , 10000 , 0 , 0.0983158 , 2 , 7 , 1 , 1 , 
MDP , 3 , 1 , 0.25 , 0.25 , 5 , 8 , 10000 , 0 , 0.214904 , 3 , 7 , 1 , 1 , 
MDP , 3 , 1 , 0.25 , 0.25 , 5 , 8 , 10000 , 0 , 0.143303 , 2 , 6 , 1 , 1 , 
MDP , 3 , 1 , 0.25 , 0.25 , 5 , 8 , 10000 , 0 , 0.380083 , 4 , 7 , 1 , 1 , 
MDP , 3 , 1 , 0.25 , 0.25 , 5 , 8 , 10000 , 0 , 0.216437 , 3 , 7 , 1 , 1 , 
MDP , 3 , 1 , 0.25 , 0.25 , 5 , 8 , 10000 , 0 , 0.0242034 , 2 , 10 , 1 , 1 , 
MDP , 3 , 1 , 0.25 , 0.25 , 5 , 8 , 10000 , 0 , 0.0660976 , 2 , 8 , 1 , 1 , 
MDP , 3 , 1 , 0.25 , 0.25 , 5 , 8 , 10000 , 0 , 0.158295 , 4 , 10 , 1 , 1 , 
MDP , 3 , 1 , 0.25 , 0.25 , 5 , 8 , 10000 , 0 , 0.217997 , 4 , 9 , 1 , 1 , 
MDP , 3 , 1 , 0.25 , 0.25 , 5 , 8 , 10000 , 0 , 0.478895 , 4 , 6 , 1 , 1 , 
MDP , 3 , 1 , 0.25 , 0.25 , 5 , 8 , 10000 , 0 , 0.657414 , 5 , 6 , 1 , 3 , 
MDP , 3 , 1 , 0.25 , 0.25 , 5 , 8 , 10000 , 0 , 0.159922 , 3 , 8 , 1 , 1 , 
MDP , 3 , 1 , 0.25 , 0.25 , 5 , 8 , 10000 , 0 , 0.145587 , 2 , 6 , 1 , 1 , 
MDP , 3 , 1 , 0.25 , 0.25 , 5 , 8 , 10000 , 0 , 0.0609158 , 2 , 8 , 1 , 1 , 
MDP , 3 , 1 , 0.25 , 0.25 , 5 , 8 , 10000 , 0 , 0.103778 , 3 , 9 , 1 , 1 , 
MDP , 3 , 1 , 0.25 , 0.25 , 5 , 8 , 10000 , 0 , 0.218579 , 4 , 9 , 1 , 1 , 
MDP , 3 , 1 , 0.25 , 0.25 , 5 , 8 , 10000 , 0 , 0.152728 , 3 , 8 , 1 , 1 , 
MDP , 3 , 1 , 0.25 , 0.25 , 5 , 8 , 10000 , 0 , 0.106001 , 3 , 9 , 1 , 1 , 
MDP , 3 , 1 , 0.25 , 0.25 , 5 , 8 , 10000 , 0 , 0.152496 , 3 , 8 , 1 , 1 , 
MDP , 3 , 1 , 0.25 , 0.25 , 5 , 8 , 10000 , 0 , 0.662087 , 3 , 3 , 5 , 9 , 
MDP , 3 , 1 , 0.25 , 0.25 , 5 , 8 , 10000 , 0 , 0.9234 , 8 , 6 , 1 , 3 , 
MDP , 3 , 1 , 0.25 , 0.25 , 5 , 8 , 10000 , 0 , 0.147397 , 3 , 8 , 1 , 1 , 
MDP , 3 , 1 , 0.25 , 0.25 , 5 , 8 , 10000 , 0 , 0.210657 , 4 , 9 , 1 , 1 , 
MDP , 3 , 1 , 0.25 , 0.25 , 5 , 8 , 10000 , 0 , 0.587769 , 8 , 11 , 1 , 1 , 
MDP , 3 , 1 , 0.25 , 0.25 , 5 , 8 , 10000 , 0 , 0.294104 , 4 , 8 , 1 , 1 , 
MDP , 3 , 1 , 0.25 , 0.25 , 5 , 8 , 10000 , 0 , 0.496784 , 6 , 9 , 1 , 1 , 
MDP , 3 , 1 , 0.25 , 0.25 , 5 , 8 , 10000 , 0 , 0.155954 , 3 , 8 , 1 , 1 , 
MDP , 3 , 1 , 0.25 , 0.25 , 5 , 8 , 10000 , 0 , 0.143271 , 2 , 6 , 1 , 1 , 
MDP , 3 , 1 , 0.25 , 0.25 , 5 , 8 , 10000 , 0 , 0.162219 , 4 , 10 , 1 , 1 , 
MDP , 3 , 1 , 0.25 , 0.25 , 5 , 8 , 10000 , 0 , 0.0241161 , 2 , 10 , 1 , 1 , 
MDP , 3 , 1 , 0.25 , 0.25 , 5 , 8 , 10000 , 0 , 0.0156708 , 1 , 8 , 1 , 1 , 
MDP , 3 , 1 , 0.25 , 0.25 , 5 , 8 , 10000 , 0 , 0.0631897 , 2 , 8 , 1 , 1 , 
MDP , 3 , 1 , 0.25 , 0.25 , 5 , 8 , 10000 , 0 , 0.409901 , 6 , 10 , 1 , 1 , 
MDP , 3 , 1 , 0.25 , 0.25 , 5 , 8 , 10000 , 0 , 0.0625975 , 2 , 8 , 1 , 1 , 
MDP , 3 , 1 , 0.25 , 0.25 , 5 , 8 , 10000 , 0 , 0.0403341 , 1 , 6 , 1 , 4 , 
MDP , 3 , 1 , 0.25 , 0.25 , 5 , 8 , 10000 , 0 , 0.784281 , 3 , 2 , 4 , 10 , 
MDP , 3 , 1 , 0.25 , 0.25 , 5 , 8 , 10000 , 0 , 0.213146 , 3 , 7 , 1 , 1 , 
MDP , 3 , 1 , 0.25 , 0.25 , 5 , 8 , 10000 , 0 , 0.119309 , 5 , 13 , 1 , 1 , 
MDP , 3 , 1 , 0.25 , 0.25 , 5 , 8 , 10000 , 0 , 0.0422868 , 2 , 9 , 1 , 3 , 
MDP , 3 , 1 , 0.25 , 0.25 , 5 , 8 , 10000 , 0 , 0.951541 , 7 , 4 , 3 , 6 , 
MDP , 3 , 1 , 0.25 , 0.25 , 5 , 8 , 10000 , 0 , 0.0150612 , 1 , 8 , 1 , 1 , 
MDP , 3 , 1 , 0.25 , 0.25 , 5 , 8 , 10000 , 0 , 0.105432 , 3 , 9 , 1 , 1 , 
MDP , 3 , 1 , 0.25 , 0.25 , 5 , 8 , 10000 , 0 , 0.102597 , 3 , 9 , 1 , 1 , 
MDP , 3 , 1 , 0.3 , 0.3 , 5 , 8 , 10000 , 0 , 0.399428 , 3 , 5 , 4 , 2 , 
MDP , 3 , 1 , 0.3 , 0.3 , 5 , 8 , 10000 , 0 , 0.965589 , 11 , 8 , 1 , 1 , 
MDP , 3 , 1 , 0.3 , 0.3 , 5 , 8 , 10000 , 0 , 0.0153799 , 1 , 8 , 1 , 1 , 
MDP , 3 , 1 , 0.3 , 0.3 , 5 , 8 , 10000 , 0 , 0.375187 , 4 , 7 , 1 , 1 , 
MDP , 3 , 1 , 0.3 , 0.3 , 5 , 8 , 10000 , 0 , 0.867091 , 7 , 6 , 1 , 1 , 
MDP , 3 , 1 , 0.3 , 0.3 , 5 , 8 , 10000 , 0 , 0.159327 , 5 , 12 , 1 , 1 , 
MDP , 3 , 1 , 0.3 , 0.3 , 5 , 8 , 10000 , 0 , 0.286365 , 4 , 8 , 1 , 1 , 
MDP , 3 , 1 , 0.3 , 0.3 , 5 , 8 , 10000 , 0 , 0.651072 , 5 , 6 , 3 , 3 , 
MDP , 3 , 1 , 0.3 , 0.3 , 5 , 8 , 10000 , 0 , 0.043665 , 1 , 6 , 1 , 1 , 
MDP , 3 , 1 , 0.3 , 0.3 , 5 , 8 , 10000 , 0 , 0.908549 , 6 , 4 , 2 , 3 , 
MDP , 3 , 1 , 0.3 , 0.3 , 5 , 8 , 10000 , 0 , 0.263522 , 5 , 10 , 1 , 1 , 
MDP , 3 , 1 , 0.3 , 0.3 , 5 , 8 , 10000 , 0 , 0.542043 , 5 , 7 , 1 , 1 , 
MDP , 3 , 1 , 0.3 , 0.3 , 5 , 8 , 10000 , 0 , 0.106222 , 3 , 9 , 1 , 1 , 
MDP , 3 , 1 , 0.3 , 0.3 , 5 , 8 , 10000 , 0 , 0.540213 , 3 , 4 , 2 , 5 , 
MDP , 3 , 1 , 0.3 , 0.3 , 5 , 8 , 10000 , 0 , 0.911707 , 6 , 4 , 1 , 6 , 
MDP , 3 , 1 , 0.3 , 0.3 , 5 , 8 , 10000 , 0 , 0.0656062 , 2 , 8 , 1 , 1 , 
MDP , 3 , 1 , 0.3 , 0.3 , 5 , 8 , 10000 , 0 , 0.0924795 , 2 , 7 , 1 , 1 , 
MDP , 3 , 1 , 0.3 , 0.3 , 5 , 8 , 10000 , 0 , 0.0627087 , 2 , 8 , 1 , 1 , 
MDP , 3 , 1 , 0.3 , 0.3 , 5 , 8 , 10000 , 0 , 0.288236 , 4 , 8 , 1 , 1 , 
MDP , 3 , 1 , 0.3 , 0.3 , 5 , 8 , 10000 , 0 , 0.0940234 , 2 , 7 , 1 , 1 , 
MDP , 3 , 1 , 0.3 , 0.3 , 5 , 8 , 10000 , 0 , 0.306855 , 3 , 6 , 1 , 3 , 
MDP , 3 , 1 , 0.3 , 0.3 , 5 , 8 , 10000 , 0 , 0.598039 , 4 , 5 , 3 , 5 , 
MDP , 3 , 1 , 0.3 , 0.3 , 5 , 8 , 10000 , 0 , 0.02539 , 2 , 10 , 1 , 1 , 
MDP , 3 , 1 , 0.3 , 0.3 , 5 , 8 , 10000 , 0 , 0.0246926 , 1 , 7 , 1 , 1 , 
MDP , 3 , 1 , 0.3 , 0.3 , 5 , 8 , 10000 , 0 , 0.381463 , 4 , 7 , 1 , 3 , 
MDP , 3 , 1 , 0.3 , 0.3 , 5 , 8 , 10000 , 0 , 0.74598 , 5 , 5 , 3 , 3 , 
MDP , 3 , 1 , 0.3 , 0.3 , 5 , 8 , 10000 , 0 , 0.459137 , 5 , 8 , 1 , 3 , 
MDP , 3 , 1 , 0.3 , 0.3 , 5 , 8 , 10000 , 0 , 0.375448 , 4 , 7 , 1 , 1 , 
MDP , 3 , 1 , 0.3 , 0.3 , 5 , 8 , 10000 , 0 , 0.204834 , 5 , 11 , 1 , 1 , 
MDP , 3 , 1 , 0.3 , 0.3 , 5 , 8 , 10000 , 0 , 0.0426468 , 1 , 6 , 1 , 1 , 
MDP , 3 , 1 , 0.3 , 0.3 , 5 , 8 , 10000 , 0 , 0.0145602 , 1 , 8 , 1 , 1 , 
MDP , 3 , 1 , 0.3 , 0.3 , 5 , 8 , 10000 , 0 , 0.810068 , 4 , 3 , 4 , 8 , 
MDP , 3 , 1 , 0.3 , 0.3 , 5 , 8 , 10000 , 0 , 0.219112 , 3 , 7 , 1 , 1 , 
MDP , 3 , 1 , 0.3 , 0.3 , 5 , 8 , 10000 , 0 , 0.115881 , 4 , 11 , 1 , 1 , 
MDP , 3 , 1 , 0.3 , 0.3 , 5 , 8 , 10000 , 0 , 0.722328 , 4 , 4 , 1 , 6 , 
MDP , 3 , 1 , 0.3 , 0.3 , 5 , 8 , 10000 , 0 , 0.268108 , 5 , 10 , 1 , 1 , 
MDP , 3 , 1 , 0.3 , 0.3 , 5 , 8 , 10000 , 0 , 0.0652355 , 2 , 8 , 1 , 1 , 
MDP , 3 , 1 , 0.3 , 0.3 , 5 , 8 , 10000 , 0 , 0.152764 , 3 , 8 , 1 , 1 , 
MDP , 3 , 1 , 0.3 , 0.3 , 5 , 8 , 10000 , 0 , 0.282405 , 4 , 8 , 1 , 1 , 
MDP , 3 , 1 , 0.3 , 0.3 , 5 , 8 , 10000 , 0 , 0.642292 , 7 , 9 , 1 , 3 , 
MDP , 3 , 1 , 0.3 , 0.3 , 5 , 8 , 10000 , 0 , 0.600616 , 4 , 5 , 1 , 5 , 
MDP , 3 , 1 , 0.3 , 0.3 , 5 , 8 , 10000 , 0 , 0.0628261 , 2 , 8 , 1 , 1 , 
MDP , 3 , 1 , 0.3 , 0.3 , 5 , 8 , 10000 , 0 , 0.746526 , 5 , 5 , 3 , 5 , 
MDP , 3 , 1 , 0.3 , 0.3 , 5 , 8 , 10000 , 0 , 0.0418891 , 2 , 9 , 1 , 1 , 
MDP , 3 , 1 , 0.3 , 0.3 , 5 , 8 , 10000 , 0 , 0.0199045 , 1 , 7 , 2 , 3 , 
MDP , 3 , 1 , 0.3 , 0.3 , 5 , 8 , 10000 , 0 , 0.0621428 , 2 , 8 , 1 , 1 , 
MDP , 3 , 1 , 0.3 , 0.3 , 5 , 8 , 10000 , 0 , 0.486874 , 4 , 6 , 1 , 1 , 
MDP , 3 , 1 , 0.3 , 0.3 , 5 , 8 , 10000 , 0 , 0.0617757 , 2 , 8 , 1 , 1 , 
MDP , 3 , 1 , 0.3 , 0.3 , 5 , 8 , 10000 , 0 , 0.280792 , 5 , 10 , 1 , 1 , 
MDP , 3 , 1 , 0.3 , 0.3 , 5 , 8 , 10000 , 0 , 0.0168806 , 1 , 8 , 1 , 1 , 
MDP , 3 , 1 , 0.3 , 0.3 , 5 , 8 , 10000 , 0 , 0.371531 , 4 , 7 , 1 , 1 , 
MDP , 3 , 1 , 0.3 , 0.3 , 5 , 8 , 10000 , 0 , 0.215693 , 3 , 7 , 1 , 1 , 
MDP , 3 , 1 , 0.3 , 0.3 , 5 , 8 , 10000 , 0 , 0.116272 , 3 , 9 , 1 , 4 , 
MDP , 3 , 1 , 0.3 , 0.3 , 5 , 8 , 10000 , 0 , 0.145909 , 2 , 6 , 1 , 1 , 
MDP , 3 , 1 , 0.3 , 0.3 , 5 , 8 , 10000 , 0 , 0.19755 , 5 , 11 , 1 , 1 , 
MDP , 3 , 1 , 0.3 , 0.3 , 5 , 8 , 10000 , 0 , 0.144207 , 2 , 6 , 1 , 1 , 
MDP , 3 , 1 , 0.3 , 0.3 , 5 , 8 , 10000 , 0 , 0.14344 , 2 , 6 , 1 , 1 , 
MDP , 3 , 1 , 0.3 , 0.3 , 5 , 8 , 10000 , 0 , 0.109219 , 3 , 9 , 1 , 1 , 
MDP , 3 , 1 , 0.3 , 0.3 , 5 , 8 , 10000 , 0 , 0.110564 , 6 , 15 , 1 , 1 , 
MDP , 3 , 1 , 0.3 , 0.3 , 5 , 8 , 10000 , 0 , 0.142092 , 2 , 6 , 1 , 1 , 
MDP , 3 , 1 , 0.3 , 0.3 , 5 , 8 , 10000 , 0 , 0.219107 , 3 , 7 , 1 , 1 , 
MDP , 3 , 1 , 0.3 , 0.3 , 5 , 8 , 10000 , 0 , 0.145775 , 2 , 6 , 1 , 1 , 
MDP , 3 , 1 , 0.3 , 0.3 , 5 , 8 , 10000 , 0 , 0.105038 , 3 , 9 , 1 , 1 , 
MDP , 3 , 1 , 0.3 , 0.3 , 5 , 8 , 10000 , 0 , 0.0246826 , 1 , 7 , 1 , 3 , 
MDP , 3 , 1 , 0.3 , 0.3 , 5 , 8 , 10000 , 0 , 0.106598 , 3 , 9 , 1 , 1 , 
MDP , 3 , 1 , 0.3 , 0.3 , 5 , 8 , 10000 , 0 , 0.779667 , 6 , 6 , 4 , 5 , 
MDP , 3 , 1 , 0.3 , 0.3 , 5 , 8 , 10000 , 0 , 0.376882 , 4 , 7 , 1 , 1 , 
MDP , 3 , 1 , 0.3 , 0.3 , 5 , 8 , 10000 , 0 , 0.217226 , 4 , 9 , 1 , 1 , 
MDP , 3 , 1 , 0.3 , 0.3 , 5 , 8 , 10000 , 0 , 0.385001 , 4 , 7 , 1 , 3 , 
MDP , 3 , 1 , 0.3 , 0.3 , 5 , 8 , 10000 , 0 , 0.298425 , 3 , 6 , 1 , 1 , 
MDP , 3 , 1 , 0.3 , 0.3 , 5 , 8 , 10000 , 0 , 0.438385 , 5 , 8 , 1 , 1 , 
MDP , 3 , 1 , 0.3 , 0.3 , 5 , 8 , 10000 , 0 , 0.349859 , 5 , 9 , 1 , 1 , 
MDP , 3 , 1 , 0.3 , 0.3 , 5 , 8 , 10000 , 0 , 0.61037 , 4 , 5 , 1 , 4 , 
MDP , 3 , 1 , 0.3 , 0.3 , 5 , 8 , 10000 , 0 , 0.0614117 , 2 , 8 , 1 , 1 , 
MDP , 3 , 1 , 0.3 , 0.3 , 5 , 8 , 10000 , 0 , 0.267824 , 5 , 10 , 1 , 1 , 
MDP , 3 , 1 , 0.3 , 0.3 , 5 , 8 , 10000 , 0 , 0.0238797 , 1 , 7 , 1 , 1 , 
MDP , 3 , 1 , 0.3 , 0.3 , 5 , 8 , 10000 , 0 , 0.280878 , 4 , 8 , 1 , 1 , 
MDP , 3 , 1 , 0.3 , 0.3 , 5 , 8 , 10000 , 0 , 0.148469 , 2 , 6 , 1 , 1 , 
MDP , 3 , 1 , 0.3 , 0.3 , 5 , 8 , 10000 , 0 , 0.65708 , 5 , 6 , 1 , 4 , 
MDP , 3 , 1 , 0.3 , 0.3 , 5 , 8 , 10000 , 0 , 0.209276 , 5 , 11 , 1 , 3 , 
MDP , 3 , 1 , 0.3 , 0.3 , 5 , 8 , 10000 , 0 , 0.397672 , 6 , 10 , 1 , 1 , 
MDP , 3 , 1 , 0.3 , 0.3 , 5 , 8 , 10000 , 0 , 0.75292 , 8 , 9 , 1 , 1 , 
MDP , 3 , 1 , 0.3 , 0.3 , 5 , 8 , 10000 , 0 , 0.485691 , 4 , 6 , 2 , 6 , 
MDP , 3 , 1 , 0.3 , 0.3 , 5 , 8 , 10000 , 0 , 0.785133 , 3 , 2 , 4 , 9 , 
MDP , 3 , 1 , 0.3 , 0.3 , 5 , 8 , 10000 , 0 , 0.226063 , 3 , 7 , 1 , 1 , 
MDP , 3 , 1 , 0.3 , 0.3 , 5 , 8 , 10000 , 0 , 0.0968661 , 2 , 7 , 1 , 1 , 
MDP , 3 , 1 , 0.3 , 0.3 , 5 , 8 , 10000 , 0 , 0.597601 , 4 , 5 , 5 , 4 , 
MDP , 3 , 1 , 0.3 , 0.3 , 5 , 8 , 10000 , 0 , 0.665992 , 3 , 3 , 2 , 7 , 
MDP , 3 , 1 , 0.3 , 0.3 , 5 , 8 , 10000 , 0 , 0.345446 , 5 , 9 , 1 , 1 , 
MDP , 3 , 1 , 0.3 , 0.3 , 5 , 8 , 10000 , 0 , 0.0261126 , 1 , 7 , 2 , 3 , 
MDP , 3 , 1 , 0.3 , 0.3 , 5 , 8 , 10000 , 0 , 0.0240976 , 1 , 7 , 6 , 4 , 
MDP , 3 , 1 , 0.3 , 0.3 , 5 , 8 , 10000 , 0 , 0.024626 , 1 , 7 , 1 , 1 , 
MDP , 3 , 1 , 0.3 , 0.3 , 5 , 8 , 10000 , 0 , 0.0467538 , 1 , 6 , 1 , 7 , 
MDP , 3 , 1 , 0.3 , 0.3 , 5 , 8 , 10000 , 0 , 0.0231114 , 1 , 7 , 1 , 1 , 
MDP , 3 , 1 , 0.3 , 0.3 , 5 , 8 , 10000 , 0 , 0.155418 , 3 , 8 , 1 , 1 , 
MDP , 3 , 1 , 0.3 , 0.3 , 5 , 8 , 10000 , 0 , 0.878887 , 4 , 2 , 4 , 9 , 
MDP , 3 , 1 , 0.3 , 0.3 , 5 , 8 , 10000 , 0 , 0.695823 , 6 , 7 , 1 , 1 , 
MDP , 3 , 1 , 0.3 , 0.3 , 5 , 8 , 10000 , 0 , 0.217497 , 3 , 7 , 1 , 1 , 
MDP , 3 , 1 , 0.3 , 0.3 , 5 , 8 , 10000 , 0 , 0.00280674 , 2 , 15 , 1 , 3 , 
MDP , 3 , 1 , 0.3 , 0.3 , 5 , 8 , 10000 , 0 , 0.82488 , 4 , 3 , 1 , 7 , 
MDP , 3 , 1 , 0.35 , 0.35 , 5 , 8 , 10000 , 0 , 0.399428 , 3 , 5 , 4 , 2 , 
MDP , 3 , 1 , 0.35 , 0.35 , 5 , 8 , 10000 , 0 , 0.942001 , 5 , 2 , 4 , 6 , 
MDP , 3 , 1 , 0.35 , 0.35 , 5 , 8 , 10000 , 0 , 0.101455 , 2 , 7 , 1 , 1 , 
MDP , 3 , 1 , 0.35 , 0.35 , 5 , 8 , 10000 , 0 , 0.751458 , 5 , 5 , 1 , 3 , 
MDP , 3 , 1 , 0.35 , 0.35 , 5 , 8 , 10000 , 0 , 0.211233 , 3 , 7 , 1 , 1 , 
MDP , 3 , 1 , 0.35 , 0.35 , 5 , 8 , 10000 , 0 , 0.30009 , 3 , 6 , 1 , 1 , 
MDP , 3 , 1 , 0.35 , 0.35 , 5 , 8 , 10000 , 0 , 0.377102 , 4 , 7 , 1 , 1 , 
MDP , 3 , 1 , 0.35 , 0.35 , 5 , 8 , 10000 , 0 , 0.718926 , 4 , 4 , 5 , 4 , 
MDP , 3 , 1 , 0.35 , 0.35 , 5 , 8 , 10000 , 0 , 0.50234 , 6 , 9 , 1 , 1 , 
MDP , 3 , 1 , 0.35 , 0.35 , 5 , 8 , 10000 , 0 , 0.545997 , 5 , 7 , 3 , 5 , 
MDP , 3 , 1 , 0.35 , 0.35 , 5 , 8 , 10000 , 0 , 0.449281 , 7 , 11 , 1 , 1 , 
MDP , 3 , 1 , 0.35 , 0.35 , 5 , 8 , 10000 , 0 , 0.8451 , 9 , 9 , 1 , 1 , 
MDP , 3 , 1 , 0.35 , 0.35 , 5 , 8 , 10000 , 0 , 0.4895 , 6 , 9 , 1 , 1 , 
MDP , 3 , 1 , 0.35 , 0.35 , 5 , 8 , 10000 , 0 , 0.43404 , 5 , 8 , 1 , 1 , 
MDP , 3 , 1 , 0.35 , 0.35 , 5 , 8 , 10000 , 0 , 0.461654 , 9 , 14 , 1 , 1 , 
MDP , 3 , 1 , 0.35 , 0.35 , 5 , 8 , 10000 , 0 , 0.638356 , 5 , 6 , 2 , 3 , 
MDP , 3 , 1 , 0.35 , 0.35 , 5 , 8 , 10000 , 0 , 0.484353 , 4 , 6 , 1 , 1 , 
MDP , 3 , 1 , 0.35 , 0.35 , 5 , 8 , 10000 , 0 , 0.215037 , 4 , 9 , 1 , 1 , 
MDP , 3 , 1 , 0.35 , 0.35 , 5 , 8 , 10000 , 0 , 0.283558 , 4 , 8 , 1 , 1 , 
MDP , 3 , 1 , 0.35 , 0.35 , 5 , 8 , 10000 , 0 , 0.318668 , 6 , 11 , 1 , 1 , 
MDP , 3 , 1 , 0.35 , 0.35 , 5 , 8 , 10000 , 0 , 0.206176 , 5 , 11 , 1 , 1 , 
MDP , 3 , 1 , 0.35 , 0.35 , 5 , 8 , 10000 , 0 , 0.391854 , 4 , 7 , 1 , 1 , 
MDP , 3 , 1 , 0.35 , 0.35 , 5 , 8 , 10000 , 0 , 0.59387 , 6 , 8 , 1 , 1 , 
MDP , 3 , 1 , 0.35 , 0.35 , 5 , 8 , 10000 , 0 , 0.116405 , 4 , 11 , 1 , 1 , 
MDP , 3 , 1 , 0.35 , 0.35 , 5 , 8 , 10000 , 0 , 0.692645 , 6 , 7 , 1 , 1 , 
MDP , 3 , 1 , 0.35 , 0.35 , 5 , 8 , 10000 , 0 , 0.658998 , 5 , 6 , 2 , 5 , 
MDP , 3 , 1 , 0.35 , 0.35 , 5 , 8 , 10000 , 0 , 0.0744871 , 3 , 10 , 1 , 1 , 
MDP , 3 , 1 , 0.35 , 0.35 , 5 , 8 , 10000 , 0 , 0.694773 , 6 , 7 , 3 , 3 , 
MDP , 3 , 1 , 0.35 , 0.35 , 5 , 8 , 10000 , 0 , 0.718963 , 4 , 4 , 4 , 7 , 
MDP , 3 , 1 , 0.35 , 0.35 , 5 , 8 , 10000 , 0 , 0.833018 , 5 , 4 , 2 , 8 , 
MDP , 3 , 1 , 0.35 , 0.35 , 5 , 8 , 10000 , 0 , 0.108682 , 3 , 9 , 1 , 1 , 
MDP , 3 , 1 , 0.35 , 0.35 , 5 , 8 , 10000 , 0 , 0.092876 , 2 , 7 , 1 , 1 , 
MDP , 3 , 1 , 0.35 , 0.35 , 5 , 8 , 10000 , 0 , 0.838409 , 5 , 4 , 2 , 6 , 
MDP , 3 , 1 , 0.35 , 0.35 , 5 , 8 , 10000 , 0 , 0.0405696 , 1 , 6 , 1 , 1 , 
MDP , 3 , 1 , 0.35 , 0.35 , 5 , 8 , 10000 , 0 , 0.805812 , 7 , 7 , 1 , 3 , 
MDP , 3 , 1 , 0.35 , 0.35 , 5 , 8 , 10000 , 0 , 0.600578 , 4 , 5 , 2 , 3 , 
MDP , 3 , 1 , 0.35 , 0.35 , 5 , 8 , 10000 , 0 , 0.0436118 , 1 , 6 , 1 , 1 , 
MDP , 3 , 1 , 0.35 , 0.35 , 5 , 8 , 10000 , 0 , 0.6 , 6 , 8 , 1 , 1 , 
MDP , 3 , 1 , 0.35 , 0.35 , 5 , 8 , 10000 , 0 , 0.216646 , 3 , 7 , 1 , 1 , 
MDP , 3 , 1 , 0.35 , 0.35 , 5 , 8 , 10000 , 0 , 0.57953 , 8 , 11 , 1 , 1 , 
MDP , 3 , 1 , 0.35 , 0.35 , 5 , 8 , 10000 , 0 , 0.725139 , 7 , 8 , 1 , 3 , 
MDP , 3 , 1 , 0.35 , 0.35 , 5 , 8 , 10000 , 0 , 0.447192 , 5 , 8 , 1 , 1 , 
MDP , 3 , 1 , 0.35 , 0.35 , 5 , 8 , 10000 , 0 , 0.0930798 , 2 , 7 , 1 , 1 , 
MDP , 3 , 1 , 0.35 , 0.35 , 5 , 8 , 10000 , 0 , 0.801926 , 7 , 7 , 1 , 1 , 
MDP , 3 , 1 , 0.35 , 0.35 , 5 , 8 , 10000 , 0 , 0.0251042 , 1 , 7 , 1 , 1 , 
MDP , 3 , 1 , 0.35 , 0.35 , 5 , 8 , 10000 , 0 , 0.75875 , 5 , 5 , 1 , 3 , 
MDP , 3 , 1 , 0.35 , 0.35 , 5 , 8 , 10000 , 0 , 0.0407974 , 2 , 9 , 5 , 5 , 
MDP , 3 , 1 , 0.35 , 0.35 , 5 , 8 , 10000 , 0 , 0.721145 , 7 , 8 , 1 , 1 , 
MDP , 3 , 1 , 0.35 , 0.35 , 5 , 8 , 10000 , 0 , 0.437366 , 5 , 8 , 1 , 1 , 
MDP , 3 , 1 , 0.35 , 0.35 , 5 , 8 , 10000 , 0 , 0.220652 , 3 , 7 , 1 , 1 , 
MDP , 3 , 1 , 0.35 , 0.35 , 5 , 8 , 10000 , 0 , 0.833953 , 5 , 4 , 2 , 5 , 
MDP , 3 , 1 , 0.35 , 0.35 , 5 , 8 , 10000 , 0 , 0.152224 , 3 , 8 , 1 , 1 , 
MDP , 3 , 1 , 0.35 , 0.35 , 5 , 8 , 10000 , 0 , 0.797062 , 7 , 7 , 1 , 1 , 
MDP , 3 , 1 , 0.35 , 0.35 , 5 , 8 , 10000 , 0 , 0.833914 , 5 , 4 , 2 , 3 , 
MDP , 3 , 1 , 0.35 , 0.35 , 5 , 8 , 10000 , 0 , 0.638148 , 7 , 9 , 1 , 1 , 
MDP , 3 , 1 , 0.35 , 0.35 , 5 , 8 , 10000 , 0 , 0.636509 , 7 , 9 , 1 , 1 , 
MDP , 3 , 1 , 0.35 , 0.35 , 5 , 8 , 10000 , 0 , 0.158762 , 4 , 10 , 1 , 1 , 
MDP , 3 , 1 , 0.35 , 0.35 , 5 , 8 , 10000 , 0 , 0.691491 , 6 , 7 , 1 , 4 , 
MDP , 3 , 1 , 0.35 , 0.35 , 5 , 8 , 10000 , 0 , 0.0408352 , 2 , 9 , 1 , 1 , 
MDP , 3 , 1 , 0.35 , 0.35 , 5 , 8 , 10000 , 0 , 0.806081 , 4 , 3 , 4 , 7 , 
MDP , 3 , 1 , 0.35 , 0.35 , 5 , 8 , 10000 , 0 , 0.482462 , 4 , 6 , 1 , 1 , 
MDP , 3 , 1 , 0.35 , 0.35 , 5 , 8 , 10000 , 0 , 0.0607258 , 2 , 8 , 1 , 1 , 
MDP , 3 , 1 , 0.35 , 0.35 , 5 , 8 , 10000 , 0 , 0.75288 , 5 , 5 , 2 , 3 , 
MDP , 3 , 1 , 0.35 , 0.35 , 5 , 8 , 10000 , 0 , 0.227715 , 3 , 7 , 1 , 1 , 
MDP , 3 , 1 , 0.35 , 0.35 , 5 , 8 , 10000 , 0 , 0.0153582 , 1 , 8 , 1 , 1 , 
MDP , 3 , 1 , 0.35 , 0.35 , 5 , 8 , 10000 , 0 , 0.114273 , 4 , 11 , 1 , 1 , 
MDP , 3 , 1 , 0.35 , 0.35 , 5 , 8 , 10000 , 0 , 0.319454 , 6 , 11 , 1 , 1 , 
MDP , 3 , 1 , 0.35 , 0.35 , 5 , 8 , 10000 , 0 , 0.799649 , 7 , 7 , 1 , 1 , 
MDP , 3 , 1 , 0.35 , 0.35 , 5 , 8 , 10000 , 0 , 0.025391 , 1 , 7 , 1 , 1 , 
MDP , 3 , 1 , 0.35 , 0.35 , 5 , 8 , 10000 , 0 , 0.299921 , 3 , 6 , 2 , 3 , 
MDP , 3 , 1 , 0.35 , 0.35 , 5 , 8 , 10000 , 0 , 0.114853 , 4 , 11 , 1 , 1 , 
MDP , 3 , 1 , 0.35 , 0.35 , 5 , 8 , 10000 , 0 , 0.748153 , 5 , 5 , 4 , 2 , 
MDP , 3 , 1 , 0.35 , 0.35 , 5 , 8 , 10000 , 0 , 0.617637 , 4 , 5 , 1 , 7 , 
MDP , 3 , 1 , 0.35 , 0.35 , 5 , 8 , 10000 , 0 , 0.74936 , 8 , 9 , 1 , 1 , 
MDP , 3 , 1 , 0.35 , 0.35 , 5 , 8 , 10000 , 0 , 0.748538 , 5 , 5 , 5 , 2 , 
MDP , 3 , 1 , 0.35 , 0.35 , 5 , 8 , 10000 , 0 , 0.688631 , 6 , 7 , 4 , 2 , 
MDP , 3 , 1 , 0.35 , 0.35 , 5 , 8 , 10000 , 0 , 0.377076 , 4 , 7 , 1 , 1 , 
MDP , 3 , 1 , 0.35 , 0.35 , 5 , 8 , 10000 , 0 , 0.415535 , 6 , 10 , 1 , 1 , 
MDP , 3 , 1 , 0.35 , 0.35 , 5 , 8 , 10000 , 0 , 0.653504 , 5 , 6 , 1 , 1 , 
MDP , 3 , 1 , 0.35 , 0.35 , 5 , 8 , 10000 , 0 , 0.0795252 , 3 , 10 , 1 , 4 , 
MDP , 3 , 1 , 0.35 , 0.35 , 5 , 8 , 10000 , 0 , 0.993165 , 14 , 8 , 1 , 1 , 
MDP , 3 , 1 , 0.35 , 0.35 , 5 , 8 , 10000 , 0 , 0.218246 , 3 , 7 , 1 , 1 , 
MDP , 3 , 1 , 0.35 , 0.35 , 5 , 8 , 10000 , 0 , 0.712945 , 4 , 4 , 2 , 6 , 
MDP , 3 , 1 , 0.35 , 0.35 , 5 , 8 , 10000 , 0 , 0.670627 , 8 , 10 , 1 , 1 , 
MDP , 3 , 1 , 0.35 , 0.35 , 5 , 8 , 10000 , 0 , 0.206927 , 4 , 9 , 1 , 1 , 
MDP , 3 , 1 , 0.35 , 0.35 , 5 , 8 , 10000 , 0 , 0.149727 , 2 , 6 , 1 , 1 , 
MDP , 3 , 1 , 0.35 , 0.35 , 5 , 8 , 10000 , 0 , 0.145085 , 2 , 6 , 5 , 2 , 
MDP , 3 , 1 , 0.35 , 0.35 , 5 , 8 , 10000 , 0 , 0.920598 , 7 , 5 , 4 , 2 , 
MDP , 3 , 1 , 0.35 , 0.35 , 5 , 8 , 10000 , 0 , 0.152342 , 3 , 8 , 1 , 1 , 
MDP , 3 , 1 , 0.35 , 0.35 , 5 , 8 , 10000 , 0 , 0.0435808 , 1 , 6 , 1 , 1 , 
MDP , 3 , 1 , 0.35 , 0.35 , 5 , 8 , 10000 , 0 , 0.829246 , 5 , 4 , 7 , 3 , 
MDP , 3 , 1 , 0.35 , 0.35 , 5 , 8 , 10000 , 0 , 0.0674714 , 1 , 5 , 2 , 3 , 
MDP , 3 , 1 , 0.35 , 0.35 , 5 , 8 , 10000 , 0 , 0.15064 , 4 , 10 , 1 , 1 , 
MDP , 3 , 1 , 0.35 , 0.35 , 5 , 8 , 10000 , 0 , 0.061335 , 2 , 8 , 1 , 1 , 
MDP , 3 , 1 , 0.35 , 0.35 , 5 , 8 , 10000 , 0 , 0.421319 , 3 , 5 , 1 , 4 , 
MDP , 3 , 1 , 0.35 , 0.35 , 5 , 8 , 10000 , 0 , 0.281067 , 4 , 8 , 1 , 1 , 
MDP , 3 , 1 , 0.35 , 0.35 , 5 , 8 , 10000 , 0 , 0.86699 , 7 , 6 , 1 , 3 , 
MDP , 3 , 1 , 0.35 , 0.35 , 5 , 8 , 10000 , 0 , 0.687597 , 6 , 7 , 1 , 1 , 
MDP , 3 , 1 , 0.35 , 0.35 , 5 , 8 , 10000 , 0 , 0.0987901 , 2 , 7 , 1 , 1 , 
MDP , 3 , 1 , 0.35 , 0.35 , 5 , 8 , 10000 , 0 , 0.930977 , 10 , 8 , 1 , 3 , 
MDP , 3 , 1 , 0.4 , 0.4 , 5 , 8 , 10000 , 0 , 0.399428 , 3 , 5 , 4 , 2 , 
MDP , 3 , 1 , 0.4 , 0.4 , 5 , 8 , 10000 , 0 , 0.942001 , 5 , 2 , 4 , 6 , 
MDP , 3 , 1 , 0.4 , 0.4 , 5 , 8 , 10000 , 0 , 0.101455 , 2 , 7 , 1 , 1 , 
MDP , 3 , 1 , 0.4 , 0.4 , 5 , 8 , 10000 , 0 , 0.751458 , 5 , 5 , 1 , 3 , 
MDP , 3 , 1 , 0.4 , 0.4 , 5 , 8 , 10000 , 0 , 0.211233 , 3 , 7 , 1 , 1 , 
MDP , 3 , 1 , 0.4 , 0.4 , 5 , 8 , 10000 , 0 , 0.30009 , 3 , 6 , 1 , 1 , 
MDP , 3 , 1 , 0.4 , 0.4 , 5 , 8 , 10000 , 0 , 0.857354 , 6 , 5 , 3 , 5 , 
MDP , 3 , 1 , 0.4 , 0.4 , 5 , 8 , 10000 , 0 , 0.15587 , 3 , 8 , 1 , 1 , 
MDP , 3 , 1 , 0.4 , 0.4 , 5 , 8 , 10000 , 0 , 0.524337 , 3 , 4 , 8 , 5 , 
MDP , 3 , 1 , 0.4 , 0.4 , 5 , 8 , 10000 , 0 , 0.101878 , 3 , 9 , 1 , 1 , 
MDP , 3 , 1 , 0.4 , 0.4 , 5 , 8 , 10000 , 0 , 0.345814 , 5 , 9 , 1 , 1 , 
MDP , 3 , 1 , 0.4 , 0.4 , 5 , 8 , 10000 , 0 , 0.670376 , 8 , 10 , 1 , 1 , 
MDP , 3 , 1 , 0.4 , 0.4 , 5 , 8 , 10000 , 0 , 0.841378 , 9 , 9 , 1 , 1 , 
MDP , 3 , 1 , 0.4 , 0.4 , 5 , 8 , 10000 , 0 , 0.668195 , 3 , 3 , 2 , 7 , 
MDP , 3 , 1 , 0.4 , 0.4 , 5 , 8 , 10000 , 0 , 0.801706 , 7 , 7 , 1 , 1 , 
MDP , 3 , 1 , 0.4 , 0.4 , 5 , 8 , 10000 , 0 , 0.600652 , 6 , 8 , 1 , 1 , 
MDP , 3 , 1 , 0.4 , 0.4 , 5 , 8 , 10000 , 0 , 0.325697 , 6 , 11 , 1 , 1 , 
MDP , 3 , 1 , 0.4 , 0.4 , 5 , 8 , 10000 , 0 , 0.48149 , 4 , 6 , 1 , 3 , 
MDP , 3 , 1 , 0.4 , 0.4 , 5 , 8 , 10000 , 0 , 0.214397 , 3 , 7 , 1 , 1 , 
MDP , 3 , 1 , 0.4 , 0.4 , 5 , 8 , 10000 , 0 , 0.973601 , 8 , 4 , 1 , 3 , 
MDP , 3 , 1 , 0.4 , 0.4 , 5 , 8 , 10000 , 0 , 0.287827 , 4 , 8 , 1 , 1 , 
MDP , 3 , 1 , 0.4 , 0.4 , 5 , 8 , 10000 , 0 , 0.785408 , 6 , 6 , 1 , 1 , 
MDP , 3 , 1 , 0.4 , 0.4 , 5 , 8 , 10000 , 0 , 0.810477 , 4 , 3 , 7 , 5 , 
MDP , 3 , 1 , 0.4 , 0.4 , 5 , 8 , 10000 , 0 , 0.809228 , 4 , 3 , 4 , 7 , 
MDP , 3 , 1 , 0.4 , 0.4 , 5 , 8 , 10000 , 0 , 0.270332 , 5 , 10 , 1 , 1 , 
MDP , 3 , 1 , 0.4 , 0.4 , 5 , 8 , 10000 , 0 , 0.0229488 , 1 , 7 , 1 , 3 , 
MDP , 3 , 1 , 0.4 , 0.4 , 5 , 8 , 10000 , 0 , 0.436878 , 5 , 8 , 1 , 1 , 
MDP , 3 , 1 , 0.4 , 0.4 , 5 , 8 , 10000 , 0 , 0.713217 , 4 , 4 , 3 , 5 , 
MDP , 3 , 1 , 0.4 , 0.4 , 5 , 8 , 10000 , 0 , 0.697938 , 6 , 7 , 1 , 1 , 
MDP , 3 , 1 , 0.4 , 0.4 , 5 , 8 , 10000 , 0 , 0.905425 , 6 , 4 , 4 , 8 , 
MDP , 3 , 1 , 0.4 , 0.4 , 5 , 8 , 10000 , 0 , 0.861021 , 6 , 5 , 1 , 3 , 
MDP , 3 , 1 , 0.4 , 0.4 , 5 , 8 , 10000 , 0 , 0.0410578 , 2 , 9 , 1 , 1 , 
MDP , 3 , 1 , 0.4 , 0.4 , 5 , 8 , 10000 , 0 , 0.212802 , 4 , 9 , 1 , 1 , 
MDP , 3 , 1 , 0.4 , 0.4 , 5 , 8 , 10000 , 0 , 0.00512357 , 1 , 10 , 1 , 1 , 
MDP , 3 , 1 , 0.4 , 0.4 , 5 , 8 , 10000 , 0 , 0.112929 , 4 , 11 , 1 , 1 , 
MDP , 3 , 1 , 0.4 , 0.4 , 5 , 8 , 10000 , 0 , 0.866286 , 7 , 6 , 2 , 3 , 
MDP , 3 , 1 , 0.4 , 0.4 , 5 , 8 , 10000 , 0 , 0.889732 , 4 , 2 , 3 , 10 , 
MDP , 3 , 1 , 0.4 , 0.4 , 5 , 8 , 10000 , 0 , 0.0916833 , 2 , 7 , 1 , 1 , 
MDP , 3 , 1 , 0.4 , 0.4 , 5 , 8 , 10000 , 0 , 0.0179568 , 2 , 11 , 2 , 3 , 
MDP , 3 , 1 , 0.4 , 0.4 , 5 , 8 , 10000 , 0 , 0.0996314 , 2 , 7 , 1 , 1 , 
MDP , 3 , 1 , 0.4 , 0.4 , 5 , 8 , 10000 , 0 , 0.741629 , 5 , 5 , 2 , 5 , 
MDP , 3 , 1 , 0.4 , 0.4 , 5 , 8 , 10000 , 0 , 0.919741 , 8 , 6 , 1 , 1 , 
MDP , 3 , 1 , 0.4 , 0.4 , 5 , 8 , 10000 , 0 , 0.422704 , 3 , 5 , 1 , 3 , 
MDP , 3 , 1 , 0.4 , 0.4 , 5 , 8 , 10000 , 0 , 0.216652 , 3 , 7 , 1 , 1 , 
MDP , 3 , 1 , 0.4 , 0.4 , 5 , 8 , 10000 , 0 , 0.64505 , 5 , 6 , 4 , 5 , 
MDP , 3 , 1 , 0.4 , 0.4 , 5 , 8 , 10000 , 0 , 0.483129 , 4 , 6 , 4 , 5 , 
MDP , 3 , 1 , 0.4 , 0.4 , 5 , 8 , 10000 , 0 , 0.838245 , 5 , 4 , 3 , 5 , 
MDP , 3 , 1 , 0.4 , 0.4 , 5 , 8 , 10000 , 0 , 0.769258 , 6 , 6 , 4 , 5 , 
MDP , 3 , 1 , 0.4 , 0.4 , 5 , 8 , 10000 , 0 , 0.432337 , 5 , 8 , 1 , 1 , 
MDP , 3 , 1 , 0.4 , 0.4 , 5 , 8 , 10000 , 0 , 0.306168 , 3 , 6 , 1 , 1 , 
MDP , 3 , 1 , 0.4 , 0.4 , 5 , 8 , 10000 , 0 , 0.750652 , 5 , 5 , 1 , 5 , 
MDP , 3 , 1 , 0.4 , 0.4 , 5 , 8 , 10000 , 0 , 0.0615401 , 2 , 8 , 1 , 1 , 
MDP , 3 , 1 , 0.4 , 0.4 , 5 , 8 , 10000 , 0 , 0.440085 , 5 , 8 , 1 , 1 , 
MDP , 3 , 1 , 0.4 , 0.4 , 5 , 8 , 10000 , 0 , 0.410879 , 3 , 5 , 2 , 5 , 
MDP , 3 , 1 , 0.4 , 0.4 , 5 , 8 , 10000 , 0 , 0.646559 , 5 , 6 , 5 , 4 , 
MDP , 3 , 1 , 0.4 , 0.4 , 5 , 8 , 10000 , 0 , 0.972752 , 8 , 4 , 3 , 5 , 
MDP , 3 , 1 , 0.4 , 0.4 , 5 , 8 , 10000 , 0 , 0.848204 , 10 , 10 , 1 , 1 , 
MDP , 3 , 1 , 0.4 , 0.4 , 5 , 8 , 10000 , 0 , 0.0385128 , 1 , 6 , 1 , 1 , 
MDP , 3 , 1 , 0.4 , 0.4 , 5 , 8 , 10000 , 0 , 0.643414 , 7 , 9 , 1 , 1 , 
MDP , 3 , 1 , 0.4 , 0.4 , 5 , 8 , 10000 , 0 , 0.156636 , 5 , 12 , 1 , 1 , 
MDP , 3 , 1 , 0.4 , 0.4 , 5 , 8 , 10000 , 0 , 0.611579 , 4 , 5 , 1 , 7 , 
MDP , 3 , 1 , 0.4 , 0.4 , 5 , 8 , 10000 , 0 , 0.299875 , 3 , 6 , 4 , 3 , 
MDP , 3 , 1 , 0.4 , 0.4 , 5 , 8 , 10000 , 0 , 0.662 , 3 , 3 , 3 , 7 , 
MDP , 3 , 1 , 0.4 , 0.4 , 5 , 8 , 10000 , 0 , 0.0420955 , 2 , 9 , 3 , 3 , 
MDP , 3 , 1 , 0.4 , 0.4 , 5 , 8 , 10000 , 0 , 0.911681 , 6 , 4 , 2 , 6 , 
MDP , 3 , 1 , 0.4 , 0.4 , 5 , 8 , 10000 , 0 , 0.104336 , 3 , 9 , 1 , 1 , 
MDP , 3 , 1 , 0.4 , 0.4 , 5 , 8 , 10000 , 0 , 0.954927 , 8 , 5 , 1 , 4 , 
MDP , 3 , 1 , 0.4 , 0.4 , 5 , 8 , 10000 , 0 , 0.791788 , 7 , 7 , 1 , 1 , 
MDP , 3 , 1 , 0.4 , 0.4 , 5 , 8 , 10000 , 0 , 0.282581 , 4 , 8 , 1 , 1 , 
MDP , 3 , 1 , 0.4 , 0.4 , 5 , 8 , 10000 , 0 , 0.938078 , 10 , 8 , 2 , 3 , 
MDP , 3 , 1 , 0.4 , 0.4 , 5 , 8 , 10000 , 0 , 0.683369 , 6 , 7 , 2 , 3 , 
MDP , 3 , 1 , 0.4 , 0.4 , 5 , 8 , 10000 , 0 , 0.815839 , 8 , 8 , 1 , 1 , 
MDP , 3 , 1 , 0.4 , 0.4 , 5 , 8 , 10000 , 0 , 0.152471 , 3 , 8 , 1 , 1 , 
MDP , 3 , 1 , 0.4 , 0.4 , 5 , 8 , 10000 , 0 , 0.111809 , 4 , 11 , 1 , 1 , 
MDP , 3 , 1 , 0.4 , 0.4 , 5 , 8 , 10000 , 0 , 0.679741 , 6 , 7 , 1 , 1 , 
MDP , 3 , 1 , 0.4 , 0.4 , 5 , 8 , 10000 , 0 , 0.63304 , 7 , 9 , 1 , 1 , 
MDP , 3 , 1 , 0.4 , 0.4 , 5 , 8 , 10000 , 0 , 0.366135 , 4 , 7 , 1 , 1 , 
MDP , 3 , 1 , 0.4 , 0.4 , 5 , 8 , 10000 , 0 , 0.687982 , 6 , 7 , 7 , 3 , 
MDP , 3 , 1 , 0.4 , 0.4 , 5 , 8 , 10000 , 0 , 0.674307 , 8 , 10 , 1 , 1 , 
MDP , 3 , 1 , 0.4 , 0.4 , 5 , 8 , 10000 , 0 , 0.56506 , 5 , 7 , 1 , 3 , 
MDP , 3 , 1 , 0.4 , 0.4 , 5 , 8 , 10000 , 0 , 0.884978 , 8 , 7 , 2 , 3 , 
MDP , 3 , 1 , 0.4 , 0.4 , 5 , 8 , 10000 , 0 , 0.149204 , 2 , 6 , 1 , 1 , 
MDP , 3 , 1 , 0.4 , 0.4 , 5 , 8 , 10000 , 0 , 0.143436 , 2 , 6 , 1 , 1 , 
MDP , 3 , 1 , 0.4 , 0.4 , 5 , 8 , 10000 , 0 , 0.356626 , 5 , 9 , 1 , 1 , 
MDP , 3 , 1 , 0.4 , 0.4 , 5 , 8 , 10000 , 0 , 0.753984 , 5 , 5 , 2 , 3 , 
MDP , 3 , 1 , 0.4 , 0.4 , 5 , 8 , 10000 , 0 , 0.292226 , 4 , 8 , 1 , 1 , 
MDP , 3 , 1 , 0.4 , 0.4 , 5 , 8 , 10000 , 0 , 0.71299 , 4 , 4 , 2 , 5 , 
MDP , 3 , 1 , 0.4 , 0.4 , 5 , 8 , 10000 , 0 , 0.665577 , 3 , 3 , 3 , 10 , 
MDP , 3 , 1 , 0.4 , 0.4 , 5 , 8 , 10000 , 0 , 0.731274 , 7 , 8 , 1 , 3 , 
MDP , 3 , 1 , 0.4 , 0.4 , 5 , 8 , 10000 , 0 , 0.547784 , 5 , 7 , 1 , 1 , 
MDP , 3 , 1 , 0.4 , 0.4 , 5 , 8 , 10000 , 0 , 0.854649 , 6 , 5 , 4 , 2 , 
MDP , 3 , 1 , 0.4 , 0.4 , 5 , 8 , 10000 , 0 , 0.146078 , 3 , 8 , 1 , 1 , 
MDP , 3 , 1 , 0.4 , 0.4 , 5 , 8 , 10000 , 0 , 0.878826 , 8 , 7 , 1 , 1 , 
MDP , 3 , 1 , 0.4 , 0.4 , 5 , 8 , 10000 , 0 , 0.468557 , 4 , 6 , 3 , 3 , 
MDP , 3 , 1 , 0.4 , 0.4 , 5 , 8 , 10000 , 0 , 0.753077 , 5 , 5 , 1 , 3 , 
MDP , 3 , 1 , 0.4 , 0.4 , 5 , 8 , 10000 , 0 , 0.0525332 , 3 , 11 , 1 , 1 , 
MDP , 3 , 1 , 0.4 , 0.4 , 5 , 8 , 10000 , 0 , 0.878606 , 8 , 7 , 4 , 2 , 
MDP , 3 , 1 , 0.4 , 0.4 , 5 , 8 , 10000 , 0 , 0.720468 , 7 , 8 , 1 , 1 , 
MDP , 3 , 1 , 0.4 , 0.4 , 5 , 8 , 10000 , 0 , 0.368683 , 4 , 7 , 1 , 1 , 
MDP , 3 , 1 , 0.4 , 0.4 , 5 , 8 , 10000 , 0 , 0.972446 , 8 , 4 , 4 , 5 , 
MDP , 3 , 1 , 0.45 , 0.45 , 5 , 8 , 10000 , 0 , 0.450657 , 5 , 8 , 1 , 4 , 
MDP , 3 , 1 , 0.45 , 0.45 , 5 , 8 , 10000 , 0 , 0.278361 , 4 , 8 , 1 , 1 , 
MDP , 3 , 1 , 0.45 , 0.45 , 5 , 8 , 10000 , 0 , 0.116352 , 4 , 11 , 1 , 1 , 
MDP , 3 , 1 , 0.45 , 0.45 , 5 , 8 , 10000 , 0 , 0.0423416 , 1 , 6 , 2 , 5 , 
MDP , 3 , 1 , 0.45 , 0.45 , 5 , 8 , 10000 , 0 , 0.958442 , 9 , 6 , 4 , 5 , 
MDP , 3 , 1 , 0.45 , 0.45 , 5 , 8 , 10000 , 0 , 0.782231 , 6 , 6 , 3 , 5 , 
MDP , 3 , 1 , 0.45 , 0.45 , 5 , 8 , 10000 , 0 , 0.854339 , 6 , 5 , 4 , 5 , 
MDP , 3 , 1 , 0.45 , 0.45 , 5 , 8 , 10000 , 0 , 0.444183 , 5 , 8 , 1 , 1 , 
MDP , 3 , 1 , 0.45 , 0.45 , 5 , 8 , 10000 , 0 , 0.71994 , 4 , 4 , 4 , 5 , 
MDP , 3 , 1 , 0.45 , 0.45 , 5 , 8 , 10000 , 0 , 0.993034 , 8 , 2 , 4 , 7 , 
MDP , 3 , 1 , 0.45 , 0.45 , 5 , 8 , 10000 , 0 , 0.683573 , 6 , 7 , 1 , 1 , 
MDP , 3 , 1 , 0.45 , 0.45 , 5 , 8 , 10000 , 0 , 0.711328 , 4 , 4 , 5 , 4 , 
MDP , 3 , 1 , 0.45 , 0.45 , 5 , 8 , 10000 , 0 , 0.804325 , 7 , 7 , 3 , 3 , 
MDP , 3 , 1 , 0.45 , 0.45 , 5 , 8 , 10000 , 0 , 0.5424 , 7 , 10 , 1 , 1 , 
MDP , 3 , 1 , 0.45 , 0.45 , 5 , 8 , 10000 , 0 , 0.262205 , 5 , 10 , 1 , 1 , 
MDP , 3 , 1 , 0.45 , 0.45 , 5 , 8 , 10000 , 0 , 0.997246 , 10 , 3 , 4 , 2 , 
MDP , 3 , 1 , 0.45 , 0.45 , 5 , 8 , 10000 , 0 , 0.942128 , 5 , 2 , 4 , 8 , 
MDP , 3 , 1 , 0.45 , 0.45 , 5 , 8 , 10000 , 0 , 0.604474 , 4 , 5 , 2 , 3 , 
MDP , 3 , 1 , 0.45 , 0.45 , 5 , 8 , 10000 , 0 , 0.344984 , 5 , 9 , 1 , 1 , 
MDP , 3 , 1 , 0.45 , 0.45 , 5 , 8 , 10000 , 0 , 0.828797 , 8 , 8 , 1 , 3 , 
MDP , 3 , 1 , 0.45 , 0.45 , 5 , 8 , 10000 , 0 , 0.747431 , 5 , 5 , 4 , 3 , 
MDP , 3 , 1 , 0.45 , 0.45 , 5 , 8 , 10000 , 0 , 0.138231 , 2 , 6 , 1 , 1 , 
MDP , 3 , 1 , 0.45 , 0.45 , 5 , 8 , 10000 , 0 , 0.852697 , 6 , 5 , 2 , 3 , 
MDP , 3 , 1 , 0.45 , 0.45 , 5 , 8 , 10000 , 0 , 0.801379 , 7 , 7 , 2 , 3 , 
MDP , 3 , 1 , 0.45 , 0.45 , 5 , 8 , 10000 , 0 , 0.0621234 , 2 , 8 , 1 , 1 , 
MDP , 3 , 1 , 0.45 , 0.45 , 5 , 8 , 10000 , 0 , 0.864682 , 7 , 6 , 1 , 1 , 
MDP , 3 , 1 , 0.45 , 0.45 , 5 , 8 , 10000 , 0 , 0.542309 , 7 , 10 , 1 , 1 , 
MDP , 3 , 1 , 0.45 , 0.45 , 5 , 8 , 10000 , 0 , 0.79795 , 7 , 7 , 3 , 3 , 
MDP , 3 , 1 , 0.45 , 0.45 , 5 , 8 , 10000 , 0 , 0.751161 , 5 , 5 , 2 , 5 , 
MDP , 3 , 1 , 0.45 , 0.45 , 5 , 8 , 10000 , 0 , 0.825003 , 8 , 8 , 1 , 1 , 
MDP , 3 , 1 , 0.45 , 0.45 , 5 , 8 , 10000 , 0 , 0.292191 , 4 , 8 , 1 , 1 , 
MDP , 3 , 1 , 0.45 , 0.45 , 5 , 8 , 10000 , 0 , 0.712926 , 4 , 4 , 6 , 6 , 
MDP , 3 , 1 , 0.45 , 0.45 , 5 , 8 , 10000 , 0 , 0.933607 , 10 , 8 , 1 , 4 , 
MDP , 3 , 1 , 0.45 , 0.45 , 5 , 8 , 10000 , 0 , 0.342538 , 5 , 9 , 1 , 1 , 
MDP , 3 , 1 , 0.45 , 0.45 , 5 , 8 , 10000 , 0 , 0.949973 , 7 , 4 , 3 , 5 , 
MDP , 3 , 1 , 0.45 , 0.45 , 5 , 8 , 10000 , 0 , 0.919375 , 7 , 5 , 2 , 6 , 
MDP , 3 , 1 , 0.45 , 0.45 , 5 , 8 , 10000 , 0 , 0.148786 , 3 , 8 , 1 , 1 , 
MDP , 3 , 1 , 0.45 , 0.45 , 5 , 8 , 10000 , 0 , 0.909899 , 6 , 4 , 2 , 5 , 
MDP , 3 , 1 , 0.45 , 0.45 , 5 , 8 , 10000 , 0 , 0.636806 , 5 , 6 , 5 , 7 , 
MDP , 3 , 1 , 0.45 , 0.45 , 5 , 8 , 10000 , 0 , 0.214996 , 3 , 7 , 1 , 1 , 
MDP , 3 , 1 , 0.45 , 0.45 , 5 , 8 , 10000 , 0 , 0.971985 , 7 , 3 , 8 , 6 , 
MDP , 3 , 1 , 0.45 , 0.45 , 5 , 8 , 10000 , 0 , 0.970934 , 6 , 2 , 2 , 8 , 
MDP , 3 , 1 , 0.45 , 0.45 , 5 , 8 , 10000 , 0 , 0.686293 , 6 , 7 , 3 , 3 , 
MDP , 3 , 1 , 0.45 , 0.45 , 5 , 8 , 10000 , 0 , 0.226879 , 3 , 7 , 1 , 3 , 
MDP , 3 , 1 , 0.45 , 0.45 , 5 , 8 , 10000 , 0 , 0.489158 , 6 , 9 , 1 , 1 , 
MDP , 3 , 1 , 0.45 , 0.45 , 5 , 8 , 10000 , 0 , 0.054638 , 3 , 11 , 1 , 1 , 
MDP , 3 , 1 , 0.45 , 0.45 , 5 , 8 , 10000 , 0 , 0.31771 , 6 , 11 , 1 , 1 , 
MDP , 3 , 1 , 0.45 , 0.45 , 5 , 8 , 10000 , 0 , 0.74848 , 5 , 5 , 5 , 7 , 
MDP , 3 , 1 , 0.45 , 0.45 , 5 , 8 , 10000 , 0 , 0.720297 , 4 , 4 , 6 , 7 , 
MDP , 3 , 1 , 0.45 , 0.45 , 5 , 8 , 10000 , 0 , 0.951823 , 8 , 5 , 4 , 5 , 
MDP , 3 , 1 , 0.45 , 0.45 , 5 , 8 , 10000 , 0 , 0.402184 , 6 , 10 , 1 , 1 , 
MDP , 3 , 1 , 0.45 , 0.45 , 5 , 8 , 10000 , 0 , 0.285796 , 4 , 8 , 1 , 1 , 
MDP , 3 , 1 , 0.45 , 0.45 , 5 , 8 , 10000 , 0 , 0.541646 , 7 , 10 , 1 , 1 , 
MDP , 3 , 1 , 0.45 , 0.45 , 5 , 8 , 10000 , 0 , 0.0737852 , 3 , 10 , 1 , 1 , 
MDP , 3 , 1 , 0.45 , 0.45 , 5 , 8 , 10000 , 0 , 0.685072 , 6 , 7 , 3 , 3 , 
MDP , 3 , 1 , 0.45 , 0.45 , 5 , 8 , 10000 , 0 , 0.218736 , 4 , 9 , 1 , 1 , 
MDP , 3 , 1 , 0.45 , 0.45 , 5 , 8 , 10000 , 0 , 0.500988 , 8 , 12 , 1 , 1 , 
MDP , 3 , 1 , 0.45 , 0.45 , 5 , 8 , 10000 , 0 , 0.835329 , 5 , 4 , 2 , 3 , 
MDP , 3 , 1 , 0.45 , 0.45 , 5 , 8 , 10000 , 0 , 0.156302 , 4 , 10 , 1 , 1 , 
MDP , 3 , 1 , 0.45 , 0.45 , 5 , 8 , 10000 , 0 , 0.887676 , 9 , 8 , 3 , 5 , 
MDP , 3 , 1 , 0.45 , 0.45 , 5 , 8 , 10000 , 0 , 0.638716 , 7 , 9 , 1 , 1 , 
MDP , 3 , 1 , 0.45 , 0.45 , 5 , 8 , 10000 , 0 , 0.34802 , 5 , 9 , 1 , 1 , 
MDP , 3 , 1 , 0.45 , 0.45 , 5 , 8 , 10000 , 0 , 0.617861 , 7 , 9 , 5 , 2 , 
MDP , 3 , 1 , 0.45 , 0.45 , 5 , 8 , 10000 , 0 , 0.79723 , 10 , 11 , 3 , 3 , 
MDP , 3 , 1 , 0.45 , 0.45 , 5 , 8 , 10000 , 0 , 0.668482 , 3 , 3 , 3 , 7 , 
MDP , 3 , 1 , 0.45 , 0.45 , 5 , 8 , 10000 , 0 , 0.914171 , 7 , 5 , 7 , 6 , 
MDP , 3 , 1 , 0.45 , 0.45 , 5 , 8 , 10000 , 0 , 0.316007 , 6 , 11 , 1 , 1 , 
MDP , 3 , 1 , 0.45 , 0.45 , 5 , 8 , 10000 , 0 , 0.595324 , 6 , 8 , 1 , 1 , 
MDP , 3 , 1 , 0.45 , 0.45 , 5 , 8 , 10000 , 0 , 0.646969 , 5 , 6 , 1 , 1 , 
MDP , 3 , 1 , 0.45 , 0.45 , 5 , 8 , 10000 , 0 , 0.924139 , 9 , 7 , 4 , 2 , 
MDP , 3 , 1 , 0.45 , 0.45 , 5 , 8 , 10000 , 0 , 0.779855 , 6 , 6 , 1 , 1 , 
MDP , 3 , 1 , 0.45 , 0.45 , 5 , 8 , 10000 , 0 , 0.405535 , 6 , 10 , 1 , 1 , 
MDP , 3 , 1 , 0.45 , 0.45 , 5 , 8 , 10000 , 0 , 0.830715 , 5 , 4 , 4 , 7 , 
MDP , 3 , 1 , 0.45 , 0.45 , 5 , 8 , 10000 , 0 , 0.343816 , 5 , 9 , 1 , 1 , 
MDP , 3 , 1 , 0.45 , 0.45 , 5 , 8 , 10000 , 0 , 0.795495 , 7 , 7 , 4 , 2 , 
MDP , 3 , 1 , 0.45 , 0.45 , 5 , 8 , 10000 , 0 , 0.146748 , 3 , 8 , 1 , 1 , 
MDP , 3 , 1 , 0.45 , 0.45 , 5 , 8 , 10000 , 0 , 0.820062 , 8 , 8 , 4 , 2 , 
MDP , 3 , 1 , 0.45 , 0.45 , 5 , 8 , 10000 , 0 , 0.484478 , 4 , 6 , 4 , 5 , 
MDP , 3 , 1 , 0.45 , 0.45 , 5 , 8 , 10000 , 0 , 0.888659 , 4 , 2 , 10 , 8 , 
MDP , 3 , 1 , 0.45 , 0.45 , 5 , 8 , 10000 , 0 , 0.0279599 , 2 , 10 , 1 , 1 , 
MDP , 3 , 1 , 0.45 , 0.45 , 5 , 8 , 10000 , 0 , 0.207995 , 4 , 9 , 1 , 1 , 
MDP , 3 , 1 , 0.45 , 0.45 , 5 , 8 , 10000 , 0 , 0.868191 , 7 , 6 , 3 , 3 , 
MDP , 3 , 1 , 0.45 , 0.45 , 5 , 8 , 10000 , 0 , 0.81752 , 4 , 3 , 5 , 9 , 
MDP , 3 , 1 , 0.45 , 0.45 , 5 , 8 , 10000 , 0 , 0.447131 , 5 , 8 , 1 , 1 , 
MDP , 3 , 1 , 0.45 , 0.45 , 5 , 8 , 10000 , 0 , 0.0655108 , 2 , 8 , 1 , 1 , 
MDP , 3 , 1 , 0.45 , 0.45 , 5 , 8 , 10000 , 0 , 0.920058 , 7 , 5 , 1 , 1 , 
MDP , 3 , 1 , 0.45 , 0.45 , 5 , 8 , 10000 , 0 , 0.628894 , 9 , 12 , 1 , 1 , 
MDP , 3 , 1 , 0.45 , 0.45 , 5 , 8 , 10000 , 0 , 0.671833 , 8 , 10 , 1 , 1 , 
MDP , 3 , 1 , 0.45 , 0.45 , 5 , 8 , 10000 , 0 , 0.99226 , 11 , 5 , 2 , 3 , 
MDP , 3 , 1 , 0.45 , 0.45 , 5 , 8 , 10000 , 0 , 0.677854 , 6 , 7 , 5 , 4 , 
MDP , 3 , 1 , 0.45 , 0.45 , 5 , 8 , 10000 , 0 , 0.149188 , 4 , 10 , 1 , 1 , 
MDP , 3 , 1 , 0.45 , 0.45 , 5 , 8 , 10000 , 0 , 0.540447 , 5 , 7 , 3 , 3 , 
MDP , 3 , 1 , 0.45 , 0.45 , 5 , 8 , 10000 , 0 , 0.438582 , 5 , 8 , 1 , 1 , 
MDP , 3 , 1 , 0.45 , 0.45 , 5 , 8 , 10000 , 0 , 0.979242 , 9 , 5 , 3 , 5 , 
MDP , 3 , 1 , 0.45 , 0.45 , 5 , 8 , 10000 , 0 , 0.920127 , 8 , 6 , 1 , 5 , 
MDP , 3 , 1 , 0.45 , 0.45 , 5 , 8 , 10000 , 0 , 0.345104 , 5 , 9 , 1 , 1 , 
MDP , 3 , 1 , 0.45 , 0.45 , 5 , 8 , 10000 , 0 , 0.0149465 , 1 , 8 , 1 , 1 , 
MDP , 3 , 1 , 0.45 , 0.45 , 5 , 8 , 10000 , 0 , 0.916392 , 7 , 5 , 1 , 3 , 
MDP , 3 , 1 , 0.45 , 0.45 , 5 , 8 , 10000 , 0 , 0.721577 , 7 , 8 , 2 , 3 , 
MDP , 3 , 1 , 0.45 , 0.45 , 5 , 8 , 10000 , 0 , 0.855124 , 6 , 5 , 3 , 3 , 
MDP , 3 , 1 , 0.5 , 0.5 , 5 , 8 , 10000 , 0 , 0.450657 , 5 , 8 , 1 , 4 , 
MDP , 3 , 1 , 0.5 , 0.5 , 5 , 8 , 10000 , 0 , 0.690602 , 6 , 7 , 3 , 3 , 
MDP , 3 , 1 , 0.5 , 0.5 , 5 , 8 , 10000 , 0 , 0.211676 , 4 , 9 , 1 , 1 , 
MDP , 3 , 1 , 0.5 , 0.5 , 5 , 8 , 10000 , 0 , 0.64676 , 5 , 6 , 1 , 1 , 
MDP , 3 , 1 , 0.5 , 0.5 , 5 , 8 , 10000 , 0 , 0.715421 , 4 , 4 , 3 , 5 , 
MDP , 3 , 1 , 0.5 , 0.5 , 5 , 8 , 10000 , 0 , 0.821055 , 8 , 8 , 3 , 3 , 
MDP , 3 , 1 , 0.5 , 0.5 , 5 , 8 , 10000 , 0 , 0.999296 , 15 , 5 , 1 , 1 , 
MDP , 3 , 1 , 0.5 , 0.5 , 5 , 8 , 10000 , 0 , 0.975288 , 9 , 5 , 2 , 5 , 
MDP , 3 , 1 , 0.5 , 0.5 , 5 , 8 , 10000 , 0 , 0.799368 , 7 , 7 , 2 , 3 , 
MDP , 3 , 1 , 0.5 , 0.5 , 5 , 8 , 10000 , 0 , 0.155464 , 5 , 12 , 1 , 1 , 
MDP , 3 , 1 , 0.5 , 0.5 , 5 , 8 , 10000 , 0 , 0.814478 , 4 , 3 , 6 , 6 , 
MDP , 3 , 1 , 0.5 , 0.5 , 5 , 8 , 10000 , 0 , 0.974297 , 7 , 3 , 7 , 4 , 
MDP , 3 , 1 , 0.5 , 0.5 , 5 , 8 , 10000 , 0 , 0.920931 , 7 , 5 , 2 , 5 , 
MDP , 3 , 1 , 0.5 , 0.5 , 5 , 8 , 10000 , 0 , 0.780375 , 6 , 6 , 4 , 5 , 
MDP , 3 , 1 , 0.5 , 0.5 , 5 , 8 , 10000 , 0 , 0.975592 , 10 , 6 , 3 , 3 , 
MDP , 3 , 1 , 0.5 , 0.5 , 5 , 8 , 10000 , 0 , 0.866927 , 7 , 6 , 4 , 2 , 
MDP , 3 , 1 , 0.5 , 0.5 , 5 , 8 , 10000 , 0 , 0.753071 , 5 , 5 , 5 , 6 , 
MDP , 3 , 1 , 0.5 , 0.5 , 5 , 8 , 10000 , 0 , 0.959339 , 9 , 6 , 1 , 1 , 
MDP , 3 , 1 , 0.5 , 0.5 , 5 , 8 , 10000 , 0 , 0.6274 , 7 , 9 , 4 , 2 , 
MDP , 3 , 1 , 0.5 , 0.5 , 5 , 8 , 10000 , 0 , 0.667531 , 8 , 10 , 1 , 1 , 
MDP , 3 , 1 , 0.5 , 0.5 , 5 , 8 , 10000 , 0 , 0.902024 , 10 , 9 , 1 , 1 , 
MDP , 3 , 1 , 0.5 , 0.5 , 5 , 8 , 10000 , 0 , 0.674981 , 8 , 10 , 1 , 1 , 
MDP , 3 , 1 , 0.5 , 0.5 , 5 , 8 , 10000 , 0 , 0.778207 , 6 , 6 , 2 , 3 , 
MDP , 3 , 1 , 0.5 , 0.5 , 5 , 8 , 10000 , 0 , 0.278273 , 4 , 8 , 1 , 1 , 
MDP , 3 , 1 , 0.5 , 0.5 , 5 , 8 , 10000 , 0 , 0.888161 , 4 , 2 , 6 , 8 , 
MDP , 3 , 1 , 0.5 , 0.5 , 5 , 8 , 10000 , 0 , 0.704986 , 9 , 11 , 1 , 1 , 
MDP , 3 , 1 , 0.5 , 0.5 , 5 , 8 , 10000 , 0 , 0.922215 , 7 , 5 , 2 , 5 , 
MDP , 3 , 1 , 0.5 , 0.5 , 5 , 8 , 10000 , 0 , 0.681872 , 6 , 7 , 1 , 1 , 
MDP , 3 , 1 , 0.5 , 0.5 , 5 , 8 , 10000 , 0 , 0.986959 , 10 , 5 , 2 , 5 , 
MDP , 3 , 1 , 0.5 , 0.5 , 5 , 8 , 10000 , 0 , 0.813799 , 4 , 3 , 3 , 7 , 
MDP , 3 , 1 , 0.5 , 0.5 , 5 , 8 , 10000 , 0 , 0.945098 , 6 , 3 , 3 , 6 , 
MDP , 3 , 1 , 0.5 , 0.5 , 5 , 8 , 10000 , 0 , 0.0784147 , 4 , 12 , 1 , 1 , 
MDP , 3 , 1 , 0.5 , 0.5 , 5 , 8 , 10000 , 0 , 0.349311 , 5 , 9 , 1 , 1 , 
MDP , 3 , 1 , 0.5 , 0.5 , 5 , 8 , 10000 , 0 , 0.998689 , 9 , 1 , 5 , 7 , 
MDP , 3 , 1 , 0.5 , 0.5 , 5 , 8 , 10000 , 0 , 0.925992 , 8 , 6 , 1 , 1 , 
MDP , 3 , 1 , 0.5 , 0.5 , 5 , 8 , 10000 , 0 , 0.828594 , 5 , 4 , 6 , 7 , 
MDP , 3 , 1 , 0.5 , 0.5 , 5 , 8 , 10000 , 0 , 0.974316 , 8 , 4 , 1 , 3 , 
MDP , 3 , 1 , 0.5 , 0.5 , 5 , 8 , 10000 , 0 , 0.866144 , 7 , 6 , 4 , 2 , 
MDP , 3 , 1 , 0.5 , 0.5 , 5 , 8 , 10000 , 0 , 0.972164 , 7 , 3 , 4 , 4 , 
MDP , 3 , 1 , 0.5 , 0.5 , 5 , 8 , 10000 , 0 , 0.370383 , 4 , 7 , 1 , 1 , 
MDP , 3 , 1 , 0.5 , 0.5 , 5 , 8 , 10000 , 0 , 0.442984 , 5 , 8 , 1 , 1 , 
MDP , 3 , 1 , 0.5 , 0.5 , 5 , 8 , 10000 , 0 , 0.958743 , 9 , 6 , 2 , 3 , 
MDP , 3 , 1 , 0.5 , 0.5 , 5 , 8 , 10000 , 0 , 0.92472 , 8 , 6 , 5 , 2 , 
MDP , 3 , 1 , 0.5 , 0.5 , 5 , 8 , 10000 , 0 , 0.849102 , 6 , 5 , 4 , 4 , 
MDP , 3 , 1 , 0.5 , 0.5 , 5 , 8 , 10000 , 0 , 0.49994 , 6 , 9 , 1 , 1 , 
MDP , 3 , 1 , 0.5 , 0.5 , 5 , 8 , 10000 , 0 , 0.989631 , 8 , 3 , 5 , 4 , 
MDP , 3 , 1 , 0.5 , 0.5 , 5 , 8 , 10000 , 0 , 0.951587 , 7 , 4 , 4 , 5 , 
MDP , 3 , 1 , 0.5 , 0.5 , 5 , 8 , 10000 , 0 , 0.956853 , 9 , 6 , 4 , 2 , 
MDP , 3 , 1 , 0.5 , 0.5 , 5 , 8 , 10000 , 0 , 0.38286 , 4 , 7 , 1 , 4 , 
MDP , 3 , 1 , 0.5 , 0.5 , 5 , 8 , 10000 , 0 , 0.869265 , 7 , 6 , 4 , 3 , 
MDP , 3 , 1 , 0.5 , 0.5 , 5 , 8 , 10000 , 0 , 0.0177341 , 2 , 11 , 1 , 1 , 
MDP , 3 , 1 , 0.5 , 0.5 , 5 , 8 , 10000 , 0 , 0.77341 , 6 , 6 , 5 , 5 , 
MDP , 3 , 1 , 0.5 , 0.5 , 5 , 8 , 10000 , 0 , 0.958197 , 9 , 6 , 3 , 3 , 
MDP , 3 , 1 , 0.5 , 0.5 , 5 , 8 , 10000 , 0 , 0.7145 , 4 , 4 , 4 , 5 , 
MDP , 3 , 1 , 0.5 , 0.5 , 5 , 8 , 10000 , 0 , 0.0461098 , 1 , 6 , 1 , 3 , 
MDP , 3 , 1 , 0.5 , 0.5 , 5 , 8 , 10000 , 0 , 0.424351 , 8 , 13 , 1 , 1 , 
MDP , 3 , 1 , 0.5 , 0.5 , 5 , 8 , 10000 , 0 , 0.54527 , 5 , 7 , 3 , 3 , 
MDP , 3 , 1 , 0.5 , 0.5 , 5 , 8 , 10000 , 0 , 0.808225 , 4 , 3 , 7 , 7 , 
MDP , 3 , 1 , 0.5 , 0.5 , 5 , 8 , 10000 , 0 , 0.154894 , 4 , 10 , 2 , 3 , 
MDP , 3 , 1 , 0.5 , 0.5 , 5 , 8 , 10000 , 0 , 0.351301 , 5 , 9 , 1 , 1 , 
MDP , 3 , 1 , 0.5 , 0.5 , 5 , 8 , 10000 , 0 , 0.805471 , 4 , 3 , 3 , 7 , 
MDP , 3 , 1 , 0.5 , 0.5 , 5 , 8 , 10000 , 0 , 0.84366 , 9 , 9 , 3 , 3 , 
MDP , 3 , 1 , 0.5 , 0.5 , 5 , 8 , 10000 , 0 , 0.87564 , 8 , 7 , 4 , 2 , 
MDP , 3 , 1 , 0.5 , 0.5 , 5 , 8 , 10000 , 0 , 0.493594 , 6 , 9 , 1 , 1 , 
MDP , 3 , 1 , 0.5 , 0.5 , 5 , 8 , 10000 , 0 , 0.593923 , 6 , 8 , 1 , 1 , 
MDP , 3 , 1 , 0.5 , 0.5 , 5 , 8 , 10000 , 0 , 0.957515 , 9 , 6 , 1 , 6 , 
MDP , 3 , 1 , 0.5 , 0.5 , 5 , 8 , 10000 , 0 , 0.649069 , 5 , 6 , 7 , 6 , 
MDP , 3 , 1 , 0.5 , 0.5 , 5 , 8 , 10000 , 0 , 0.0415895 , 2 , 9 , 1 , 3 , 
MDP , 3 , 1 , 0.5 , 0.5 , 5 , 8 , 10000 , 0 , 0.77701 , 6 , 6 , 4 , 2 , 
MDP , 3 , 1 , 0.5 , 0.5 , 5 , 8 , 10000 , 0 , 0.976056 , 7 , 3 , 1 , 5 , 
MDP , 3 , 1 , 0.5 , 0.5 , 5 , 8 , 10000 , 0 , 0.8015 , 7 , 7 , 3 , 3 , 
MDP , 3 , 1 , 0.5 , 0.5 , 5 , 8 , 10000 , 0 , 0.926102 , 8 , 6 , 1 , 1 , 
MDP , 3 , 1 , 0.5 , 0.5 , 5 , 8 , 10000 , 0 , 0.745594 , 5 , 5 , 1 , 1 , 
MDP , 3 , 1 , 0.5 , 0.5 , 5 , 8 , 10000 , 0 , 0.887489 , 4 , 2 , 5 , 8 , 
MDP , 3 , 1 , 0.5 , 0.5 , 5 , 8 , 10000 , 0 , 0.972487 , 5 , 1 , 6 , 9 , 
MDP , 3 , 1 , 0.5 , 0.5 , 5 , 8 , 10000 , 0 , 0.692844 , 6 , 7 , 5 , 2 , 
MDP , 3 , 1 , 0.5 , 0.5 , 5 , 8 , 10000 , 0 , 0.856735 , 6 , 5 , 2 , 3 , 
MDP , 3 , 1 , 0.5 , 0.5 , 5 , 8 , 10000 , 0 , 0.722614 , 4 , 4 , 2 , 8 , 
MDP , 3 , 1 , 0.5 , 0.5 , 5 , 8 , 10000 , 0 , 0.948671 , 6 , 3 , 2 , 6 , 
MDP , 3 , 1 , 0.5 , 0.5 , 5 , 8 , 10000 , 0 , 0.721987 , 7 , 8 , 4 , 2 , 
MDP , 3 , 1 , 0.5 , 0.5 , 5 , 8 , 10000 , 0 , 0.213632 , 4 , 9 , 1 , 1 , 
MDP , 3 , 1 , 0.5 , 0.5 , 5 , 8 , 10000 , 0 , 0.955734 , 7 , 4 , 8 , 3 , 
MDP , 3 , 1 , 0.5 , 0.5 , 5 , 8 , 10000 , 0 , 0.868535 , 7 , 6 , 2 , 3 , 
MDP , 3 , 1 , 0.5 , 0.5 , 5 , 8 , 10000 , 0 , 0.79953 , 7 , 7 , 2 , 3 , 
MDP , 3 , 1 , 0.5 , 0.5 , 5 , 8 , 10000 , 0 , 0.538025 , 5 , 7 , 1 , 1 , 
MDP , 3 , 1 , 0.5 , 0.5 , 5 , 8 , 10000 , 0 , 0.987667 , 8 , 3 , 2 , 5 , 
MDP , 3 , 1 , 0.5 , 0.5 , 5 , 8 , 10000 , 0 , 0.950509 , 7 , 4 , 5 , 5 , 
MDP , 3 , 1 , 0.5 , 0.5 , 5 , 8 , 10000 , 0 , 0.985779 , 10 , 5 , 7 , 1 , 
MDP , 3 , 1 , 0.5 , 0.5 , 5 , 8 , 10000 , 0 , 0.716385 , 4 , 4 , 7 , 4 , 
MDP , 3 , 1 , 0.5 , 0.5 , 5 , 8 , 10000 , 0 , 0.113072 , 4 , 11 , 1 , 1 , 
MDP , 3 , 1 , 0.5 , 0.5 , 5 , 8 , 10000 , 0 , 0.805221 , 4 , 3 , 7 , 7 , 
MDP , 3 , 1 , 0.5 , 0.5 , 5 , 8 , 10000 , 0 , 0.952634 , 7 , 4 , 3 , 3 , 
MDP , 3 , 1 , 0.5 , 0.5 , 5 , 8 , 10000 , 0 , 0.86944 , 11 , 11 , 1 , 1 , 
MDP , 3 , 1 , 0.5 , 0.5 , 5 , 8 , 10000 , 0 , 0.58669 , 8 , 11 , 1 , 1 , 
MDP , 3 , 1 , 0.5 , 0.5 , 5 , 8 , 10000 , 0 , 0.536 , 7 , 10 , 1 , 1 , 
MDP , 3 , 1 , 0.5 , 0.5 , 5 , 8 , 10000 , 0 , 0.784111 , 6 , 6 , 1 , 1 , 
MDP , 3 , 1 , 0.5 , 0.5 , 5 , 8 , 10000 , 0 , 0.957902 , 9 , 6 , 4 , 4 , 
MDP , 3 , 1 , 0.5 , 0.5 , 5 , 8 , 10000 , 0 , 0.678559 , 6 , 7 , 3 , 3 , 
MDP , 3 , 1 , 0.5 , 0.5 , 5 , 8 , 10000 , 0 , 0.964725 , 10 , 7 , 1 , 1 , 
MDP , 3 , 1 , 0.5 , 0.5 , 5 , 8 , 10000 , 0 , 0.284326 , 4 , 8 , 1 , 1 , 
MDP , 3 , 1 , 0.55 , 0.55 , 5 , 8 , 10000 , 0 , 0.875575 , 8 , 7 , 3 , 3 , 
MDP , 3 , 1 , 0.55 , 0.55 , 5 , 8 , 10000 , 0 , 0.915541 , 7 , 5 , 3 , 5 , 
MDP , 3 , 1 , 0.55 , 0.55 , 5 , 8 , 10000 , 0 , 0.86768 , 7 , 6 , 1 , 3 , 
MDP , 3 , 1 , 0.55 , 0.55 , 5 , 8 , 10000 , 0 , 0.928975 , 9 , 7 , 4 , 2 , 
MDP , 3 , 1 , 0.55 , 0.55 , 5 , 8 , 10000 , 0 , 0.988323 , 12 , 7 , 4 , 2 , 
MDP , 3 , 1 , 0.55 , 0.55 , 5 , 8 , 10000 , 0 , 0.953693 , 8 , 5 , 4 , 5 , 
MDP , 3 , 1 , 0.55 , 0.55 , 5 , 8 , 10000 , 0 , 0.991198 , 8 , 2 , 6 , 7 , 
MDP , 3 , 1 , 0.55 , 0.55 , 5 , 8 , 10000 , 0 , 0.67928 , 8 , 10 , 1 , 1 , 
MDP , 3 , 1 , 0.55 , 0.55 , 5 , 8 , 10000 , 0 , 0.679574 , 8 , 10 , 2 , 3 , 
MDP , 3 , 1 , 0.55 , 0.55 , 5 , 8 , 10000 , 0 , 0.0252453 , 2 , 10 , 1 , 1 , 
MDP , 3 , 1 , 0.55 , 0.55 , 5 , 8 , 10000 , 0 , 0.974092 , 8 , 4 , 6 , 2 , 
MDP , 3 , 1 , 0.55 , 0.55 , 5 , 8 , 10000 , 0 , 0.805819 , 7 , 7 , 4 , 5 , 
MDP , 3 , 1 , 0.55 , 0.55 , 5 , 8 , 10000 , 0 , 0.928588 , 9 , 7 , 6 , 4 , 
MDP , 3 , 1 , 0.55 , 0.55 , 5 , 8 , 10000 , 0 , 0.720314 , 4 , 4 , 7 , 4 , 
MDP , 3 , 1 , 0.55 , 0.55 , 5 , 8 , 10000 , 0 , 0.744251 , 5 , 5 , 4 , 2 , 
MDP , 3 , 1 , 0.55 , 0.55 , 5 , 8 , 10000 , 0 , 0.979734 , 13 , 9 , 1 , 1 , 
MDP , 3 , 1 , 0.55 , 0.55 , 5 , 8 , 10000 , 0 , 0.657678 , 3 , 3 , 8 , 7 , 
MDP , 3 , 1 , 0.55 , 0.55 , 5 , 8 , 10000 , 0 , 0.888016 , 9 , 8 , 3 , 3 , 
MDP , 3 , 1 , 0.55 , 0.55 , 5 , 8 , 10000 , 0 , 0.753289 , 8 , 9 , 2 , 3 , 
MDP , 3 , 1 , 0.55 , 0.55 , 5 , 8 , 10000 , 0 , 0.985343 , 8 , 3 , 8 , 4 , 
MDP , 3 , 1 , 0.55 , 0.55 , 5 , 8 , 10000 , 0 , 0.546378 , 7 , 10 , 1 , 1 , 
MDP , 3 , 1 , 0.55 , 0.55 , 5 , 8 , 10000 , 0 , 0.993959 , 9 , 3 , 7 , 4 , 
MDP , 3 , 1 , 0.55 , 0.55 , 5 , 8 , 10000 , 0 , 0.347465 , 5 , 9 , 1 , 1 , 
MDP , 3 , 1 , 0.55 , 0.55 , 5 , 8 , 10000 , 0 , 0.961855 , 10 , 7 , 1 , 3 , 
MDP , 3 , 1 , 0.55 , 0.55 , 5 , 8 , 10000 , 0 , 0.504523 , 6 , 9 , 5 , 4 , 
MDP , 3 , 1 , 0.55 , 0.55 , 5 , 8 , 10000 , 0 , 0.900802 , 5 , 3 , 6 , 6 , 
MDP , 3 , 1 , 0.55 , 0.55 , 5 , 8 , 10000 , 0 , 0.972435 , 5 , 1 , 5 , 9 , 
MDP , 3 , 1 , 0.55 , 0.55 , 5 , 8 , 10000 , 0 , 0.975392 , 9 , 5 , 3 , 3 , 
MDP , 3 , 1 , 0.55 , 0.55 , 5 , 8 , 10000 , 0 , 0.998078 , 11 , 3 , 6 , 4 , 
MDP , 3 , 1 , 0.55 , 0.55 , 5 , 8 , 10000 , 0 , 0.847643 , 9 , 9 , 1 , 1 , 
MDP , 3 , 1 , 0.55 , 0.55 , 5 , 8 , 10000 , 0 , 0.99249 , 10 , 4 , 4 , 4 , 
MDP , 3 , 1 , 0.55 , 0.55 , 5 , 8 , 10000 , 0 , 0.206772 , 5 , 11 , 1 , 1 , 
MDP , 3 , 1 , 0.55 , 0.55 , 5 , 8 , 10000 , 0 , 0.382183 , 7 , 12 , 1 , 1 , 
MDP , 3 , 1 , 0.55 , 0.55 , 5 , 8 , 10000 , 0 , 0.600998 , 4 , 5 , 5 , 4 , 
MDP , 3 , 1 , 0.55 , 0.55 , 5 , 8 , 10000 , 0 , 0.59299 , 6 , 8 , 1 , 1 , 
MDP , 3 , 1 , 0.55 , 0.55 , 5 , 8 , 10000 , 0 , 0.986471 , 7 , 2 , 9 , 5 , 
MDP , 3 , 1 , 0.55 , 0.55 , 5 , 8 , 10000 , 0 , 0.957098 , 10 , 7 , 1 , 1 , 
MDP , 3 , 1 , 0.55 , 0.55 , 5 , 8 , 10000 , 0 , 0.854822 , 6 , 5 , 4 , 2 , 
MDP , 3 , 1 , 0.55 , 0.55 , 5 , 8 , 10000 , 0 , 0.976912 , 10 , 6 , 4 , 2 , 
MDP , 3 , 1 , 0.55 , 0.55 , 5 , 8 , 10000 , 0 , 0.983765 , 9 , 4 , 7 , 5 , 
MDP , 3 , 1 , 0.55 , 0.55 , 5 , 8 , 10000 , 0 , 0.8415 , 9 , 9 , 1 , 1 , 
MDP , 3 , 1 , 0.55 , 0.55 , 5 , 8 , 10000 , 0 , 0.316149 , 6 , 11 , 1 , 1 , 
MDP , 3 , 1 , 0.55 , 0.55 , 5 , 8 , 10000 , 0 , 0.863735 , 7 , 6 , 2 , 3 , 
MDP , 3 , 1 , 0.55 , 0.55 , 5 , 8 , 10000 , 0 , 0.929284 , 9 , 7 , 2 , 3 , 
MDP , 3 , 1 , 0.55 , 0.55 , 5 , 8 , 10000 , 0 , 0.8072 , 4 , 3 , 8 , 5 , 
MDP , 3 , 1 , 0.55 , 0.55 , 5 , 8 , 10000 , 0 , 0.973173 , 8 , 4 , 3 , 3 , 
MDP , 3 , 1 , 0.55 , 0.55 , 5 , 8 , 10000 , 0 , 0.934827 , 10 , 8 , 1 , 1 , 
MDP , 3 , 1 , 0.55 , 0.55 , 5 , 8 , 10000 , 0 , 0.997573 , 12 , 4 , 1 , 1 , 
MDP , 3 , 1 , 0.55 , 0.55 , 5 , 8 , 10000 , 0 , 0.747706 , 8 , 9 , 4 , 2 , 
MDP , 3 , 1 , 0.55 , 0.55 , 5 , 8 , 10000 , 0 , 0.77907 , 9 , 10 , 1 , 1 , 
MDP , 3 , 1 , 0.55 , 0.55 , 5 , 8 , 10000 , 0 , 0.807402 , 4 , 3 , 4 , 7 , 
MDP , 3 , 1 , 0.55 , 0.55 , 5 , 8 , 10000 , 0 , 0.490616 , 6 , 9 , 1 , 1 , 
MDP , 3 , 1 , 0.55 , 0.55 , 5 , 8 , 10000 , 0 , 0.779691 , 6 , 6 , 2 , 5 , 
MDP , 3 , 1 , 0.55 , 0.55 , 5 , 8 , 10000 , 0 , 0.151609 , 5 , 12 , 1 , 1 , 
MDP , 3 , 1 , 0.55 , 0.55 , 5 , 8 , 10000 , 0 , 0.958415 , 9 , 6 , 6 , 2 , 
MDP , 3 , 1 , 0.55 , 0.55 , 5 , 8 , 10000 , 0 , 0.993399 , 10 , 4 , 4 , 5 , 
MDP , 3 , 1 , 0.55 , 0.55 , 5 , 8 , 10000 , 0 , 0.98689 , 10 , 5 , 4 , 2 , 
MDP , 3 , 1 , 0.55 , 0.55 , 5 , 8 , 10000 , 0 , 0.855054 , 6 , 5 , 3 , 5 , 
MDP , 3 , 1 , 0.55 , 0.55 , 5 , 8 , 10000 , 0 , 0.401812 , 6 , 10 , 1 , 1 , 
MDP , 3 , 1 , 0.55 , 0.55 , 5 , 8 , 10000 , 0 , 0.746093 , 5 , 5 , 7 , 4 , 
MDP , 3 , 1 , 0.55 , 0.55 , 5 , 8 , 10000 , 0 , 0.996018 , 11 , 4 , 4 , 3 , 
MDP , 3 , 1 , 0.55 , 0.55 , 5 , 8 , 10000 , 0 , 0.535489 , 5 , 7 , 4 , 5 , 
MDP , 3 , 1 , 0.55 , 0.55 , 5 , 8 , 10000 , 0 , 0.787281 , 6 , 6 , 2 , 3 , 
MDP , 3 , 1 , 0.55 , 0.55 , 5 , 8 , 10000 , 0 , 0.83458 , 5 , 4 , 3 , 6 , 
MDP , 3 , 1 , 0.55 , 0.55 , 5 , 8 , 10000 , 0 , 0.799481 , 7 , 7 , 4 , 2 , 
MDP , 3 , 1 , 0.55 , 0.55 , 5 , 8 , 10000 , 0 , 0.973186 , 9 , 5 , 4 , 2 , 
MDP , 3 , 1 , 0.55 , 0.55 , 5 , 8 , 10000 , 0 , 0.0533167 , 3 , 11 , 1 , 1 , 
MDP , 3 , 1 , 0.55 , 0.55 , 5 , 8 , 10000 , 0 , 0.892678 , 9 , 8 , 1 , 1 , 
MDP , 3 , 1 , 0.55 , 0.55 , 5 , 8 , 10000 , 0 , 0.970795 , 6 , 2 , 9 , 5 , 
MDP , 3 , 1 , 0.55 , 0.55 , 5 , 8 , 10000 , 0 , 0.973382 , 6 , 2 , 10 , 5 , 
MDP , 3 , 1 , 0.55 , 0.55 , 5 , 8 , 10000 , 0 , 0.953945 , 8 , 5 , 7 , 1 , 
MDP , 3 , 1 , 0.55 , 0.55 , 5 , 8 , 10000 , 0 , 0.992929 , 9 , 3 , 6 , 4 , 
MDP , 3 , 1 , 0.55 , 0.55 , 5 , 8 , 10000 , 0 , 0.450336 , 7 , 11 , 1 , 1 , 
MDP , 3 , 1 , 0.55 , 0.55 , 5 , 8 , 10000 , 0 , 0.974789 , 8 , 4 , 6 , 4 , 
MDP , 3 , 1 , 0.55 , 0.55 , 5 , 8 , 10000 , 0 , 0.0787834 , 3 , 10 , 1 , 1 , 
MDP , 3 , 1 , 0.55 , 0.55 , 5 , 8 , 10000 , 0 , 0.987311 , 11 , 6 , 1 , 1 , 
MDP , 3 , 1 , 0.55 , 0.55 , 5 , 8 , 10000 , 0 , 0.283626 , 4 , 8 , 1 , 1 , 
MDP , 3 , 1 , 0.55 , 0.55 , 5 , 8 , 10000 , 0 , 0.881966 , 8 , 7 , 4 , 2 , 
MDP , 3 , 1 , 0.55 , 0.55 , 5 , 8 , 10000 , 0 , 0.741196 , 5 , 5 , 3 , 5 , 
MDP , 3 , 1 , 0.55 , 0.55 , 5 , 8 , 10000 , 0 , 0.919058 , 11 , 10 , 1 , 1 , 
MDP , 3 , 1 , 0.55 , 0.55 , 5 , 8 , 10000 , 0 , 0.997375 , 9 , 1 , 12 , 4 , 
MDP , 3 , 1 , 0.55 , 0.55 , 5 , 8 , 10000 , 0 , 0.7289 , 7 , 8 , 6 , 4 , 
MDP , 3 , 1 , 0.55 , 0.55 , 5 , 8 , 10000 , 0 , 0.768763 , 6 , 6 , 7 , 3 , 
MDP , 3 , 1 , 0.55 , 0.55 , 5 , 8 , 10000 , 0 , 0.864422 , 7 , 6 , 6 , 4 , 
MDP , 3 , 1 , 0.55 , 0.55 , 5 , 8 , 10000 , 0 , 0.911507 , 7 , 5 , 2 , 5 , 
MDP , 3 , 1 , 0.55 , 0.55 , 5 , 8 , 10000 , 0 , 0.99828 , 11 , 3 , 7 , 3 , 
MDP , 3 , 1 , 0.55 , 0.55 , 5 , 8 , 10000 , 0 , 0.808448 , 4 , 3 , 7 , 6 , 
MDP , 3 , 1 , 0.55 , 0.55 , 5 , 8 , 10000 , 0 , 0.598056 , 6 , 8 , 3 , 3 , 
MDP , 3 , 1 , 0.55 , 0.55 , 5 , 8 , 10000 , 0 , 0.973021 , 7 , 3 , 6 , 6 , 
MDP , 3 , 1 , 0.55 , 0.55 , 5 , 8 , 10000 , 0 , 0.854822 , 6 , 5 , 3 , 6 , 
MDP , 3 , 1 , 0.55 , 0.55 , 5 , 8 , 10000 , 0 , 0.987164 , 9 , 4 , 1 , 3 , 
MDP , 3 , 1 , 0.55 , 0.55 , 5 , 8 , 10000 , 0 , 0.252185 , 6 , 12 , 1 , 1 , 
MDP , 3 , 1 , 0.55 , 0.55 , 5 , 8 , 10000 , 0 , 0.910384 , 6 , 4 , 4 , 2 , 
MDP , 3 , 1 , 0.55 , 0.55 , 5 , 8 , 10000 , 0 , 0.908971 , 6 , 4 , 5 , 4 , 
MDP , 3 , 1 , 0.55 , 0.55 , 5 , 8 , 10000 , 0 , 0.83879 , 5 , 4 , 5 , 4 , 
MDP , 3 , 1 , 0.55 , 0.55 , 5 , 8 , 10000 , 0 , 0.832045 , 5 , 4 , 4 , 5 , 
MDP , 3 , 1 , 0.55 , 0.55 , 5 , 8 , 10000 , 0 , 0.97508 , 9 , 5 , 4 , 2 , 
MDP , 3 , 1 , 0.55 , 0.55 , 5 , 8 , 10000 , 0 , 0.998186 , 9 , 1 , 8 , 6 , 
MDP , 3 , 1 , 0.55 , 0.55 , 5 , 8 , 10000 , 0 , 0.0593247 , 2 , 8 , 1 , 1 , 
MDP , 3 , 1 , 0.55 , 0.55 , 5 , 8 , 10000 , 0 , 0.684708 , 6 , 7 , 6 , 4 , 
MDP , 3 , 1 , 0.6 , 0.6 , 5 , 8 , 10000 , 0 , 0.996097 , 15 , 8 , 1 , 1 , 
MDP , 3 , 1 , 0.6 , 0.6 , 5 , 8 , 10000 , 0 , 0.975078 , 10 , 6 , 7 , 3 , 
MDP , 3 , 1 , 0.6 , 0.6 , 5 , 8 , 10000 , 0 , 0.595874 , 4 , 5 , 8 , 3 , 
MDP , 3 , 1 , 0.6 , 0.6 , 5 , 8 , 10000 , 0 , 0.649663 , 5 , 6 , 3 , 3 , 
MDP , 3 , 1 , 0.6 , 0.6 , 5 , 8 , 10000 , 0 , 0.99488 , 13 , 6 , 4 , 2 , 
MDP , 3 , 1 , 0.6 , 0.6 , 5 , 8 , 10000 , 0 , 0.975029 , 7 , 3 , 6 , 6 , 
MDP , 3 , 1 , 0.6 , 0.6 , 5 , 8 , 10000 , 0 , 0.947174 , 7 , 4 , 4 , 6 , 
MDP , 3 , 1 , 0.6 , 0.6 , 5 , 8 , 10000 , 0 , 0.992026 , 8 , 2 , 7 , 7 , 
MDP , 3 , 1 , 0.6 , 0.6 , 5 , 8 , 10000 , 0 , 0.98615 , 9 , 4 , 5 , 4 , 
MDP , 3 , 1 , 0.6 , 0.6 , 5 , 8 , 10000 , 0 , 0.772375 , 6 , 6 , 4 , 5 , 
MDP , 3 , 1 , 0.6 , 0.6 , 5 , 8 , 10000 , 0 , 0.85236 , 6 , 5 , 6 , 4 , 
MDP , 3 , 1 , 0.6 , 0.6 , 5 , 8 , 10000 , 0 , 0.751277 , 8 , 9 , 2 , 3 , 
MDP , 3 , 1 , 0.6 , 0.6 , 5 , 8 , 10000 , 0 , 0.899231 , 5 , 3 , 8 , 5 , 
MDP , 3 , 1 , 0.6 , 0.6 , 5 , 8 , 10000 , 0 , 0.975727 , 9 , 5 , 4 , 2 , 
MDP , 3 , 1 , 0.6 , 0.6 , 5 , 8 , 10000 , 0 , 0.996323 , 11 , 4 , 7 , 4 , 
MDP , 3 , 1 , 0.6 , 0.6 , 5 , 8 , 10000 , 0 , 0.348932 , 5 , 9 , 1 , 1 , 
MDP , 3 , 1 , 0.6 , 0.6 , 5 , 8 , 10000 , 0 , 0.900685 , 5 , 3 , 11 , 4 , 
MDP , 3 , 1 , 0.6 , 0.6 , 5 , 8 , 10000 , 0 , 0.976943 , 10 , 6 , 1 , 3 , 
MDP , 3 , 1 , 0.6 , 0.6 , 5 , 8 , 10000 , 0 , 0.977752 , 12 , 8 , 1 , 1 , 
MDP , 3 , 1 , 0.6 , 0.6 , 5 , 8 , 10000 , 0 , 0.986783 , 11 , 6 , 2 , 3 , 
MDP , 3 , 1 , 0.6 , 0.6 , 5 , 8 , 10000 , 0 , 0.89809 , 5 , 3 , 4 , 7 , 
MDP , 3 , 1 , 0.6 , 0.6 , 5 , 8 , 10000 , 0 , 0.299064 , 3 , 6 , 1 , 1 , 
MDP , 3 , 1 , 0.6 , 0.6 , 5 , 8 , 10000 , 0 , 0.748975 , 5 , 5 , 10 , 2 , 
MDP , 3 , 1 , 0.6 , 0.6 , 5 , 8 , 10000 , 0 , 0.820896 , 11 , 12 , 1 , 1 , 
MDP , 3 , 1 , 0.6 , 0.6 , 5 , 8 , 10000 , 0 , 0.995931 , 10 , 3 , 5 , 4 , 
MDP , 3 , 1 , 0.6 , 0.6 , 5 , 8 , 10000 , 0 , 0.987343 , 11 , 6 , 4 , 2 , 
MDP , 3 , 1 , 0.6 , 0.6 , 5 , 8 , 10000 , 0 , 0.853853 , 6 , 5 , 4 , 5 , 
MDP , 3 , 1 , 0.6 , 0.6 , 5 , 8 , 10000 , 0 , 0.669206 , 8 , 10 , 4 , 2 , 
MDP , 3 , 1 , 0.6 , 0.6 , 5 , 8 , 10000 , 0 , 0.786384 , 9 , 10 , 1 , 1 , 
MDP , 3 , 1 , 0.6 , 0.6 , 5 , 8 , 10000 , 0 , 0.792745 , 10 , 11 , 1 , 1 , 
MDP , 3 , 1 , 0.6 , 0.6 , 5 , 8 , 10000 , 0 , 0.917261 , 7 , 5 , 7 , 3 , 
MDP , 3 , 1 , 0.6 , 0.6 , 5 , 8 , 10000 , 0 , 0.985539 , 9 , 4 , 6 , 4 , 
MDP , 3 , 1 , 0.6 , 0.6 , 5 , 8 , 10000 , 0 , 0.70756 , 9 , 11 , 1 , 3 , 
MDP , 3 , 1 , 0.6 , 0.6 , 5 , 8 , 10000 , 0 , 0.851763 , 6 , 5 , 3 , 6 , 
MDP , 3 , 1 , 0.6 , 0.6 , 5 , 8 , 10000 , 0 , 0.920683 , 7 , 5 , 4 , 5 , 
MDP , 3 , 1 , 0.6 , 0.6 , 5 , 8 , 10000 , 0 , 0.993185 , 11 , 5 , 2 , 3 , 
MDP , 3 , 1 , 0.6 , 0.6 , 5 , 8 , 10000 , 0 , 0.774167 , 6 , 6 , 4 , 2 , 
MDP , 3 , 1 , 0.6 , 0.6 , 5 , 8 , 10000 , 0 , 0.956867 , 9 , 6 , 2 , 3 , 
MDP , 3 , 1 , 0.6 , 0.6 , 5 , 8 , 10000 , 0 , 0.976261 , 8 , 4 , 7 , 3 , 
MDP , 3 , 1 , 0.6 , 0.6 , 5 , 8 , 10000 , 0 , 0.927639 , 9 , 7 , 3 , 3 , 
MDP , 3 , 1 , 0.6 , 0.6 , 5 , 8 , 10000 , 0 , 0.948881 , 6 , 3 , 5 , 6 , 
MDP , 3 , 1 , 0.6 , 0.6 , 5 , 8 , 10000 , 0 , 0.954555 , 7 , 4 , 7 , 3 , 
MDP , 3 , 1 , 0.6 , 0.6 , 5 , 8 , 10000 , 0 , 0.979312 , 11 , 7 , 1 , 1 , 
MDP , 3 , 1 , 0.6 , 0.6 , 5 , 8 , 10000 , 0 , 0.725618 , 7 , 8 , 3 , 3 , 
MDP , 3 , 1 , 0.6 , 0.6 , 5 , 8 , 10000 , 0 , 0.976836 , 9 , 5 , 3 , 6 , 
MDP , 3 , 1 , 0.6 , 0.6 , 5 , 8 , 10000 , 0 , 0.975937 , 9 , 5 , 7 , 4 , 
MDP , 3 , 1 , 0.6 , 0.6 , 5 , 8 , 10000 , 0 , 0.998788 , 9 , 1 , 3 , 7 , 
MDP , 3 , 1 , 0.6 , 0.6 , 5 , 8 , 10000 , 0 , 0.732152 , 7 , 8 , 1 , 1 , 
MDP , 3 , 1 , 0.6 , 0.6 , 5 , 8 , 10000 , 0 , 0.970104 , 6 , 2 , 14 , 4 , 
MDP , 3 , 1 , 0.6 , 0.6 , 5 , 8 , 10000 , 0 , 0.998788 , 11 , 3 , 3 , 5 , 
MDP , 3 , 1 , 0.6 , 0.6 , 5 , 8 , 10000 , 0 , 0.85895 , 6 , 5 , 6 , 4 , 
MDP , 3 , 1 , 0.6 , 0.6 , 5 , 8 , 10000 , 0 , 0.897677 , 5 , 3 , 5 , 7 , 
MDP , 3 , 1 , 0.6 , 0.6 , 5 , 8 , 10000 , 0 , 0.860678 , 7 , 6 , 3 , 5 , 
MDP , 3 , 1 , 0.6 , 0.6 , 5 , 8 , 10000 , 0 , 0.974208 , 7 , 3 , 8 , 5 , 
MDP , 3 , 1 , 0.6 , 0.6 , 5 , 8 , 10000 , 0 , 0.993835 , 11 , 5 , 1 , 3 , 
MDP , 3 , 1 , 0.6 , 0.6 , 5 , 8 , 10000 , 0 , 0.9791 , 11 , 7 , 1 , 1 , 
MDP , 3 , 1 , 0.6 , 0.6 , 5 , 8 , 10000 , 0 , 0.98557 , 9 , 4 , 6 , 4 , 
MDP , 3 , 1 , 0.6 , 0.6 , 5 , 8 , 10000 , 0 , 0.710123 , 4 , 4 , 7 , 4 , 
MDP , 3 , 1 , 0.6 , 0.6 , 5 , 8 , 10000 , 0 , 0.754236 , 8 , 9 , 1 , 1 , 
MDP , 3 , 1 , 0.6 , 0.6 , 5 , 8 , 10000 , 0 , 0.989772 , 12 , 7 , 1 , 3 , 
MDP , 3 , 1 , 0.6 , 0.6 , 5 , 8 , 10000 , 0 , 0.837524 , 9 , 9 , 1 , 1 , 
MDP , 3 , 1 , 0.6 , 0.6 , 5 , 8 , 10000 , 0 , 0.931216 , 9 , 7 , 5 , 2 , 
MDP , 3 , 1 , 0.6 , 0.6 , 5 , 8 , 10000 , 0 , 0.732342 , 5 , 5 , 10 , 2 , 
MDP , 3 , 1 , 0.6 , 0.6 , 5 , 8 , 10000 , 0 , 0.985886 , 8 , 3 , 12 , 4 , 
MDP , 3 , 1 , 0.6 , 0.6 , 5 , 8 , 10000 , 0 , 0.845339 , 9 , 9 , 1 , 1 , 
MDP , 3 , 1 , 0.6 , 0.6 , 5 , 8 , 10000 , 0 , 0.402557 , 6 , 10 , 2 , 3 , 
MDP , 3 , 1 , 0.6 , 0.6 , 5 , 8 , 10000 , 0 , 0.969403 , 5 , 1 , 12 , 7 , 
MDP , 3 , 1 , 0.6 , 0.6 , 5 , 8 , 10000 , 0 , 0.909825 , 11 , 10 , 3 , 3 , 
MDP , 3 , 1 , 0.6 , 0.6 , 5 , 8 , 10000 , 0 , 0.874148 , 8 , 7 , 3 , 5 , 
MDP , 3 , 1 , 0.6 , 0.6 , 5 , 8 , 10000 , 0 , 0.975722 , 11 , 7 , 3 , 3 , 
MDP , 3 , 1 , 0.6 , 0.6 , 5 , 8 , 10000 , 0 , 0.928771 , 9 , 7 , 2 , 3 , 
MDP , 3 , 1 , 0.6 , 0.6 , 5 , 8 , 10000 , 0 , 0.803494 , 7 , 7 , 1 , 1 , 
MDP , 3 , 1 , 0.6 , 0.6 , 5 , 8 , 10000 , 0 , 0.993142 , 8 , 2 , 11 , 4 , 
MDP , 3 , 1 , 0.6 , 0.6 , 5 , 8 , 10000 , 0 , 0.299674 , 3 , 6 , 3 , 3 , 
MDP , 3 , 1 , 0.6 , 0.6 , 5 , 8 , 10000 , 0 , 0.829318 , 5 , 4 , 5 , 7 , 
MDP , 3 , 1 , 0.6 , 0.6 , 5 , 8 , 10000 , 0 , 0.959931 , 8 , 5 , 5 , 4 , 
MDP , 3 , 1 , 0.6 , 0.6 , 5 , 8 , 10000 , 0 , 0.775751 , 6 , 6 , 2 , 3 , 
MDP , 3 , 1 , 0.6 , 0.6 , 5 , 8 , 10000 , 0 , 0.748923 , 8 , 9 , 3 , 3 , 
MDP , 3 , 1 , 0.6 , 0.6 , 5 , 8 , 10000 , 0 , 0.838246 , 9 , 9 , 1 , 1 , 
MDP , 3 , 1 , 0.6 , 0.6 , 5 , 8 , 10000 , 0 , 0.744554 , 5 , 5 , 4 , 7 , 
MDP , 3 , 1 , 0.6 , 0.6 , 5 , 8 , 10000 , 0 , 0.812373 , 4 , 3 , 6 , 9 , 
MDP , 3 , 1 , 0.6 , 0.6 , 5 , 8 , 10000 , 0 , 0.953241 , 8 , 5 , 7 , 3 , 
MDP , 3 , 1 , 0.6 , 0.6 , 5 , 8 , 10000 , 0 , 0.98499 , 7 , 2 , 6 , 7 , 
MDP , 3 , 1 , 0.6 , 0.6 , 5 , 8 , 10000 , 0 , 0.988052 , 10 , 5 , 3 , 5 , 
MDP , 3 , 1 , 0.6 , 0.6 , 5 , 8 , 10000 , 0 , 0.998273 , 14 , 6 , 4 , 2 , 
MDP , 3 , 1 , 0.6 , 0.6 , 5 , 8 , 10000 , 0 , 0.211326 , 4 , 9 , 1 , 1 , 
MDP , 3 , 1 , 0.6 , 0.6 , 5 , 8 , 10000 , 0 , 0.492537 , 6 , 9 , 1 , 1 , 
MDP , 3 , 1 , 0.6 , 0.6 , 5 , 8 , 10000 , 0 , 0.967365 , 5 , 1 , 12 , 6 , 
MDP , 3 , 1 , 0.6 , 0.6 , 5 , 8 , 10000 , 0 , 0.997678 , 9 , 1 , 11 , 4 , 
MDP , 3 , 1 , 0.6 , 0.6 , 5 , 8 , 10000 , 0 , 0.99304 , 12 , 6 , 4 , 2 , 
MDP , 3 , 1 , 0.6 , 0.6 , 5 , 8 , 10000 , 0 , 0.154094 , 5 , 12 , 1 , 1 , 
MDP , 3 , 1 , 0.6 , 0.6 , 5 , 8 , 10000 , 0 , 0.812802 , 4 , 3 , 12 , 5 , 
MDP , 3 , 1 , 0.6 , 0.6 , 5 , 8 , 10000 , 0 , 0.992494 , 10 , 4 , 4 , 5 , 
MDP , 3 , 1 , 0.6 , 0.6 , 5 , 8 , 10000 , 0 , 0.150999 , 4 , 10 , 2 , 3 , 
MDP , 3 , 1 , 0.6 , 0.6 , 5 , 8 , 10000 , 0 , 0.931882 , 9 , 7 , 5 , 2 , 
MDP , 3 , 1 , 0.6 , 0.6 , 5 , 8 , 10000 , 0 , 0.993573 , 8 , 2 , 8 , 6 , 
MDP , 3 , 1 , 0.6 , 0.6 , 5 , 8 , 10000 , 0 , 0.940784 , 11 , 9 , 1 , 1 , 
MDP , 3 , 1 , 0.6 , 0.6 , 5 , 8 , 10000 , 0 , 0.996738 , 12 , 5 , 5 , 2 , 
MDP , 3 , 1 , 0.6 , 0.6 , 5 , 8 , 10000 , 0 , 0.780007 , 6 , 6 , 1 , 5 , 
MDP , 3 , 1 , 0.6 , 0.6 , 5 , 8 , 10000 , 0 , 0.719179 , 7 , 8 , 4 , 2 , 
MDP , 3 , 1 , 0.65 , 0.65 , 5 , 8 , 10000 , 0 , 0.996097 , 15 , 8 , 1 , 1 , 
MDP , 3 , 1 , 0.65 , 0.65 , 5 , 8 , 10000 , 0 , 0.975078 , 10 , 6 , 7 , 3 , 
MDP , 3 , 1 , 0.65 , 0.65 , 5 , 8 , 10000 , 0 , 0.952918 , 7 , 4 , 7 , 3 , 
MDP , 3 , 1 , 0.65 , 0.65 , 5 , 8 , 10000 , 0 , 0.211367 , 4 , 9 , 1 , 1 , 
MDP , 3 , 1 , 0.65 , 0.65 , 5 , 8 , 10000 , 0 , 0.955323 , 8 , 5 , 4 , 4 , 
MDP , 3 , 1 , 0.65 , 0.65 , 5 , 8 , 10000 , 0 , 0.998478 , 13 , 5 , 1 , 3 , 
MDP , 3 , 1 , 0.65 , 0.65 , 5 , 8 , 10000 , 0 , 0.931445 , 10 , 8 , 1 , 1 , 
MDP , 3 , 1 , 0.65 , 0.65 , 5 , 8 , 10000 , 0 , 0.956782 , 9 , 6 , 2 , 3 , 
MDP , 3 , 1 , 0.65 , 0.65 , 5 , 8 , 10000 , 0 , 0.849671 , 6 , 5 , 10 , 5 , 
MDP , 3 , 1 , 0.65 , 0.65 , 5 , 8 , 10000 , 0 , 0.985885 , 8 , 3 , 10 , 5 , 
MDP , 3 , 1 , 0.65 , 0.65 , 5 , 8 , 10000 , 0 , 0.915196 , 6 , 4 , 10 , 4 , 
MDP , 3 , 1 , 0.65 , 0.65 , 5 , 8 , 10000 , 0 , 0.956234 , 9 , 6 , 8 , 3 , 
MDP , 3 , 1 , 0.65 , 0.65 , 5 , 8 , 10000 , 0 , 0.929515 , 9 , 7 , 1 , 3 , 
MDP , 3 , 1 , 0.65 , 0.65 , 5 , 8 , 10000 , 0 , 0.997884 , 9 , 1 , 11 , 5 , 
MDP , 3 , 1 , 0.65 , 0.65 , 5 , 8 , 10000 , 0 , 0.836467 , 5 , 4 , 4 , 5 , 
MDP , 3 , 1 , 0.65 , 0.65 , 5 , 8 , 10000 , 0 , 0.984254 , 8 , 3 , 5 , 7 , 
MDP , 3 , 1 , 0.65 , 0.65 , 5 , 8 , 10000 , 0 , 0.999899 , 12 , 2 , 8 , 3 , 
MDP , 3 , 1 , 0.65 , 0.65 , 5 , 8 , 10000 , 0 , 0.887407 , 9 , 8 , 4 , 3 , 
MDP , 3 , 1 , 0.65 , 0.65 , 5 , 8 , 10000 , 0 , 0.93912 , 11 , 9 , 2 , 3 , 
MDP , 3 , 1 , 0.65 , 0.65 , 5 , 8 , 10000 , 0 , 0.993081 , 11 , 5 , 1 , 1 , 
MDP , 3 , 1 , 0.65 , 0.65 , 5 , 8 , 10000 , 0 , 0.876519 , 8 , 7 , 4 , 2 , 
MDP , 3 , 1 , 0.65 , 0.65 , 5 , 8 , 10000 , 0 , 0.837669 , 5 , 4 , 9 , 5 , 
MDP , 3 , 1 , 0.65 , 0.65 , 5 , 8 , 10000 , 0 , 0.978147 , 10 , 6 , 5 , 2 , 
MDP , 3 , 1 , 0.65 , 0.65 , 5 , 8 , 10000 , 0 , 0.999698 , 12 , 2 , 12 , 2 , 
MDP , 3 , 1 , 0.65 , 0.65 , 5 , 8 , 10000 , 0 , 0.930632 , 9 , 7 , 3 , 5 , 
MDP , 3 , 1 , 0.65 , 0.65 , 5 , 8 , 10000 , 0 , 0.993911 , 10 , 4 , 2 , 4 , 
MDP , 3 , 1 , 0.65 , 0.65 , 5 , 8 , 10000 , 0 , 0.896016 , 10 , 9 , 4 , 2 , 
MDP , 3 , 1 , 0.65 , 0.65 , 5 , 8 , 10000 , 0 , 0.856553 , 6 , 5 , 7 , 7 , 
MDP , 3 , 1 , 0.65 , 0.65 , 5 , 8 , 10000 , 0 , 0.998277 , 12 , 4 , 4 , 2 , 
MDP , 3 , 1 , 0.65 , 0.65 , 5 , 8 , 10000 , 0 , 0.897224 , 9 , 8 , 4 , 2 , 
MDP , 3 , 1 , 0.65 , 0.65 , 5 , 8 , 10000 , 0 , 0.987899 , 10 , 5 , 6 , 4 , 
MDP , 3 , 1 , 0.65 , 0.65 , 5 , 8 , 10000 , 0 , 0.992541 , 9 , 3 , 7 , 4 , 
MDP , 3 , 1 , 0.65 , 0.65 , 5 , 8 , 10000 , 0 , 0.820625 , 8 , 8 , 1 , 1 , 
MDP , 3 , 1 , 0.65 , 0.65 , 5 , 8 , 10000 , 0 , 0.486452 , 4 , 6 , 1 , 3 , 
MDP , 3 , 1 , 0.65 , 0.65 , 5 , 8 , 10000 , 0 , 0.797366 , 7 , 7 , 2 , 3 , 
MDP , 3 , 1 , 0.65 , 0.65 , 5 , 8 , 10000 , 0 , 0.992527 , 8 , 2 , 10 , 4 , 
MDP , 3 , 1 , 0.65 , 0.65 , 5 , 8 , 10000 , 0 , 0.995008 , 11 , 4 , 5 , 4 , 
MDP , 3 , 1 , 0.65 , 0.65 , 5 , 8 , 10000 , 0 , 0.993255 , 8 , 2 , 13 , 4 , 
MDP , 3 , 1 , 0.65 , 0.65 , 5 , 8 , 10000 , 0 , 0.999397 , 13 , 3 , 4 , 2 , 
MDP , 3 , 1 , 0.65 , 0.65 , 5 , 8 , 10000 , 0 , 0.759208 , 5 , 5 , 6 , 4 , 
MDP , 3 , 1 , 0.65 , 0.65 , 5 , 8 , 10000 , 0 , 0.997476 , 9 , 1 , 3 , 7 , 
MDP , 3 , 1 , 0.65 , 0.65 , 5 , 8 , 10000 , 0 , 0.99653 , 12 , 5 , 4 , 2 , 
MDP , 3 , 1 , 0.65 , 0.65 , 5 , 8 , 10000 , 0 , 0.99737 , 11 , 3 , 6 , 4 , 
MDP , 3 , 1 , 0.65 , 0.65 , 5 , 8 , 10000 , 0 , 0.97635 , 10 , 6 , 1 , 1 , 
MDP , 3 , 1 , 0.65 , 0.65 , 5 , 8 , 10000 , 0 , 0.998787 , 14 , 5 , 1 , 1 , 
MDP , 3 , 1 , 0.65 , 0.65 , 5 , 8 , 10000 , 0 , 0.959825 , 10 , 7 , 4 , 2 , 
MDP , 3 , 1 , 0.65 , 0.65 , 5 , 8 , 10000 , 0 , 0.934513 , 9 , 7 , 3 , 3 , 
MDP , 3 , 1 , 0.65 , 0.65 , 5 , 8 , 10000 , 0 , 0.99899 , 13 , 4 , 6 , 2 , 
MDP , 3 , 1 , 0.65 , 0.65 , 5 , 8 , 10000 , 0 , 0.992533 , 8 , 2 , 5 , 7 , 
MDP , 3 , 1 , 0.65 , 0.65 , 5 , 8 , 10000 , 0 , 0.965367 , 12 , 9 , 1 , 1 , 
MDP , 3 , 1 , 0.65 , 0.65 , 5 , 8 , 10000 , 0 , 0.729991 , 10 , 12 , 1 , 1 , 
MDP , 3 , 1 , 0.65 , 0.65 , 5 , 8 , 10000 , 0 , 0.855194 , 6 , 5 , 8 , 6 , 
MDP , 3 , 1 , 0.65 , 0.65 , 5 , 8 , 10000 , 0 , 0.998787 , 9 , 1 , 11 , 5 , 
MDP , 3 , 1 , 0.65 , 0.65 , 5 , 8 , 10000 , 0 , 0.997882 , 9 , 1 , 6 , 6 , 
MDP , 3 , 1 , 0.65 , 0.65 , 5 , 8 , 10000 , 0 , 0.999599 , 12 , 2 , 8 , 3 , 
MDP , 3 , 1 , 0.65 , 0.65 , 5 , 8 , 10000 , 0 , 0.59134 , 4 , 5 , 6 , 6 , 
MDP , 3 , 1 , 0.65 , 0.65 , 5 , 8 , 10000 , 0 , 0.997153 , 10 , 3 , 2 , 3 , 
MDP , 3 , 1 , 0.65 , 0.65 , 5 , 8 , 10000 , 0 , 0.852874 , 6 , 5 , 7 , 3 , 
MDP , 3 , 1 , 0.65 , 0.65 , 5 , 8 , 10000 , 0 , 0.947065 , 7 , 4 , 4 , 2 , 
MDP , 3 , 1 , 0.65 , 0.65 , 5 , 8 , 10000 , 0 , 0.924351 , 8 , 6 , 3 , 5 , 
MDP , 3 , 1 , 0.65 , 0.65 , 5 , 8 , 10000 , 0 , 0.664764 , 3 , 3 , 6 , 6 , 
MDP , 3 , 1 , 0.65 , 0.65 , 5 , 8 , 10000 , 0 , 0.973912 , 7 , 3 , 5 , 7 , 
MDP , 3 , 1 , 0.65 , 0.65 , 5 , 8 , 10000 , 0 , 0.993947 , 9 , 3 , 6 , 4 , 
MDP , 3 , 1 , 0.65 , 0.65 , 5 , 8 , 10000 , 0 , 0.997971 , 13 , 5 , 4 , 2 , 
MDP , 3 , 1 , 0.65 , 0.65 , 5 , 8 , 10000 , 0 , 0.998585 , 9 , 1 , 10 , 5 , 
MDP , 3 , 1 , 0.65 , 0.65 , 5 , 8 , 10000 , 0 , 0.993222 , 10 , 4 , 2 , 5 , 
MDP , 3 , 1 , 0.65 , 0.65 , 5 , 8 , 10000 , 0 , 0.850921 , 10 , 10 , 1 , 1 , 
MDP , 3 , 1 , 0.65 , 0.65 , 5 , 8 , 10000 , 0 , 0.876053 , 8 , 7 , 5 , 2 , 
MDP , 3 , 1 , 0.65 , 0.65 , 5 , 8 , 10000 , 0 , 0.997778 , 9 , 1 , 15 , 3 , 
MDP , 3 , 1 , 0.65 , 0.65 , 5 , 8 , 10000 , 0 , 0.938055 , 10 , 8 , 1 , 1 , 
MDP , 3 , 1 , 0.65 , 0.65 , 5 , 8 , 10000 , 0 , 0.958915 , 9 , 6 , 4 , 5 , 
MDP , 3 , 1 , 0.65 , 0.65 , 5 , 8 , 10000 , 0 , 0.993266 , 12 , 6 , 6 , 2 , 
MDP , 3 , 1 , 0.65 , 0.65 , 5 , 8 , 10000 , 0 , 0.997671 , 10 , 2 , 8 , 4 , 
MDP , 3 , 1 , 0.65 , 0.65 , 5 , 8 , 10000 , 0 , 0.997772 , 11 , 3 , 6 , 4 , 
MDP , 3 , 1 , 0.65 , 0.65 , 5 , 8 , 10000 , 0 , 0.998892 , 12 , 3 , 6 , 4 , 
MDP , 3 , 1 , 0.65 , 0.65 , 5 , 8 , 10000 , 0 , 0.999799 , 14 , 3 , 7 , 1 , 
MDP , 3 , 1 , 0.65 , 0.65 , 5 , 8 , 10000 , 0 , 0.986593 , 8 , 3 , 3 , 5 , 
MDP , 3 , 1 , 0.65 , 0.65 , 5 , 8 , 10000 , 0 , 0.987612 , 12 , 7 , 2 , 3 , 
MDP , 3 , 1 , 0.65 , 0.65 , 5 , 8 , 10000 , 0 , 0.95282 , 9 , 6 , 2 , 5 , 
MDP , 3 , 1 , 0.65 , 0.65 , 5 , 8 , 10000 , 0 , 0.900894 , 10 , 9 , 1 , 1 , 
MDP , 3 , 1 , 0.65 , 0.65 , 5 , 8 , 10000 , 0 , 0.963036 , 11 , 8 , 3 , 3 , 
MDP , 3 , 1 , 0.65 , 0.65 , 5 , 8 , 10000 , 0 , 0.986402 , 10 , 5 , 6 , 4 , 
MDP , 3 , 1 , 0.65 , 0.65 , 5 , 8 , 10000 , 0 , 0.998891 , 9 , 1 , 8 , 6 , 
MDP , 3 , 1 , 0.65 , 0.65 , 5 , 8 , 10000 , 0 , 0.954719 , 9 , 6 , 3 , 3 , 
MDP , 3 , 1 , 0.65 , 0.65 , 5 , 8 , 10000 , 0 , 0.952448 , 7 , 4 , 7 , 4 , 
MDP , 3 , 1 , 0.65 , 0.65 , 5 , 8 , 10000 , 0 , 0.915379 , 7 , 5 , 13 , 3 , 
MDP , 3 , 1 , 0.65 , 0.65 , 5 , 8 , 10000 , 0 , 0.992264 , 11 , 5 , 5 , 4 , 
MDP , 3 , 1 , 0.65 , 0.65 , 5 , 8 , 10000 , 0 , 0.907002 , 6 , 4 , 6 , 4 , 
MDP , 3 , 1 , 0.65 , 0.65 , 5 , 8 , 10000 , 0 , 0.883972 , 4 , 2 , 8 , 8 , 
MDP , 3 , 1 , 0.65 , 0.65 , 5 , 8 , 10000 , 0 , 0.994569 , 9 , 3 , 2 , 6 , 
MDP , 3 , 1 , 0.65 , 0.65 , 5 , 8 , 10000 , 0 , 0.984652 , 8 , 3 , 5 , 4 , 
MDP , 3 , 1 , 0.65 , 0.65 , 5 , 8 , 10000 , 0 , 0.999698 , 12 , 2 , 6 , 4 , 
MDP , 3 , 1 , 0.65 , 0.65 , 5 , 8 , 10000 , 0 , 0.714796 , 4 , 4 , 15 , 3 , 
MDP , 3 , 1 , 0.65 , 0.65 , 5 , 8 , 10000 , 0 , 0.984658 , 8 , 3 , 5 , 5 , 
MDP , 3 , 1 , 0.65 , 0.65 , 5 , 8 , 10000 , 0 , 0.846311 , 5 , 4 , 5 , 5 , 
MDP , 3 , 1 , 0.65 , 0.65 , 5 , 8 , 10000 , 0 , 0.970143 , 5 , 1 , 10 , 7 , 
MDP , 3 , 1 , 0.65 , 0.65 , 5 , 8 , 10000 , 0 , 0.974576 , 7 , 3 , 4 , 5 , 
MDP , 3 , 1 , 0.65 , 0.65 , 5 , 8 , 10000 , 0 , 0.988082 , 10 , 5 , 8 , 3 , 
MDP , 3 , 1 , 0.65 , 0.65 , 5 , 8 , 10000 , 0 , 0.996425 , 11 , 4 , 7 , 3 , 
MDP , 3 , 1 , 0.65 , 0.65 , 5 , 8 , 10000 , 0 , 0.994026 , 11 , 5 , 5 , 2 , 
MDP , 3 , 1 , 0.7 , 0.7 , 5 , 8 , 10000 , 0 , 0.974097 , 7 , 3 , 12 , 4 , 
MDP , 3 , 1 , 0.7 , 0.7 , 5 , 8 , 10000 , 0 , 0.862042 , 6 , 5 , 11 , 5 , 
MDP , 3 , 1 , 0.7 , 0.7 , 5 , 8 , 10000 , 0 , 0.999396 , 12 , 2 , 10 , 3 , 
MDP , 3 , 1 , 0.7 , 0.7 , 5 , 8 , 10000 , 0 , 0.905925 , 10 , 9 , 5 , 2 , 
MDP , 3 , 1 , 0.7 , 0.7 , 5 , 8 , 10000 , 0 , 0.999295 , 12 , 2 , 7 , 3 , 
MDP , 3 , 1 , 0.7 , 0.7 , 5 , 8 , 10000 , 0 , 1 , 15 , 4 , 1 , 3 , 
MDP , 3 , 1 , 0.7 , 0.7 , 5 , 8 , 10000 , 0 , 0.997352 , 14 , 6 , 2 , 3 , 
MDP , 3 , 1 , 0.7 , 0.7 , 5 , 8 , 10000 , 0 , 0.985528 , 7 , 2 , 7 , 6 , 
MDP , 3 , 1 , 0.7 , 0.7 , 5 , 8 , 10000 , 0 , 0.999699 , 15 , 4 , 5 , 2 , 
MDP , 3 , 1 , 0.7 , 0.7 , 5 , 8 , 10000 , 0 , 0.972575 , 6 , 2 , 9 , 5 , 
MDP , 3 , 1 , 0.7 , 0.7 , 5 , 8 , 10000 , 0 , 0.988761 , 8 , 3 , 11 , 4 , 
MDP , 3 , 1 , 0.7 , 0.7 , 5 , 8 , 10000 , 0 , 0.951486 , 7 , 4 , 16 , 2 , 
MDP , 3 , 1 , 0.7 , 0.7 , 5 , 8 , 10000 , 0 , 0.964978 , 12 , 9 , 7 , 1 , 
MDP , 3 , 1 , 0.7 , 0.7 , 5 , 8 , 10000 , 0 , 0.946968 , 6 , 3 , 9 , 5 , 
MDP , 3 , 1 , 0.7 , 0.7 , 5 , 8 , 10000 , 0 , 0.993238 , 8 , 2 , 13 , 4 , 
MDP , 3 , 1 , 0.7 , 0.7 , 5 , 8 , 10000 , 0 , 0.999392 , 11 , 3 , 5 , 4 , 
MDP , 3 , 1 , 0.7 , 0.7 , 5 , 8 , 10000 , 0 , 0.996837 , 12 , 5 , 5 , 2 , 
MDP , 3 , 1 , 0.7 , 0.7 , 5 , 8 , 10000 , 0 , 0.645142 , 5 , 6 , 6 , 4 , 
MDP , 3 , 1 , 0.7 , 0.7 , 5 , 8 , 10000 , 0 , 0.994926 , 13 , 7 , 3 , 3 , 
MDP , 3 , 1 , 0.7 , 0.7 , 5 , 8 , 10000 , 0 , 0.999699 , 15 , 4 , 5 , 2 , 
MDP , 3 , 1 , 0.7 , 0.7 , 5 , 8 , 10000 , 0 , 0.985268 , 10 , 5 , 7 , 3 , 
MDP , 3 , 1 , 0.7 , 0.7 , 5 , 8 , 10000 , 0 , 0.991413 , 8 , 2 , 11 , 4 , 
MDP , 3 , 1 , 0.7 , 0.7 , 5 , 8 , 10000 , 0 , 0.998582 , 11 , 3 , 10 , 2 , 
MDP , 3 , 1 , 0.7 , 0.7 , 5 , 8 , 10000 , 0 , 0.956541 , 9 , 6 , 3 , 5 , 
MDP , 3 , 1 , 0.7 , 0.7 , 5 , 8 , 10000 , 0 , 0.86759 , 7 , 6 , 6 , 4 , 
MDP , 3 , 1 , 0.7 , 0.7 , 5 , 8 , 10000 , 0 , 0.994008 , 11 , 5 , 5 , 2 , 
MDP , 3 , 1 , 0.7 , 0.7 , 5 , 8 , 10000 , 0 , 0.996534 , 11 , 4 , 7 , 3 , 
MDP , 3 , 1 , 0.7 , 0.7 , 5 , 8 , 10000 , 0 , 0.952083 , 7 , 4 , 11 , 5 , 
MDP , 3 , 1 , 0.7 , 0.7 , 5 , 8 , 10000 , 0 , 0.921059 , 8 , 6 , 10 , 2 , 
MDP , 3 , 1 , 0.7 , 0.7 , 5 , 8 , 10000 , 0 , 0.992743 , 8 , 2 , 8 , 6 , 
MDP , 3 , 1 , 0.7 , 0.7 , 5 , 8 , 10000 , 0 , 0.997275 , 11 , 3 , 5 , 4 , 
MDP , 3 , 1 , 0.7 , 0.7 , 5 , 8 , 10000 , 0 , 0.749939 , 8 , 9 , 4 , 2 , 
MDP , 3 , 1 , 0.7 , 0.7 , 5 , 8 , 10000 , 0 , 0.993192 , 10 , 4 , 3 , 3 , 
MDP , 3 , 1 , 0.7 , 0.7 , 5 , 8 , 10000 , 0 , 0.86538 , 7 , 6 , 4 , 5 , 
MDP , 3 , 1 , 0.7 , 0.7 , 5 , 8 , 10000 , 0 , 0.972979 , 7 , 3 , 6 , 7 , 
MDP , 3 , 1 , 0.7 , 0.7 , 5 , 8 , 10000 , 0 , 0.904819 , 5 , 3 , 5 , 5 , 
MDP , 3 , 1 , 0.7 , 0.7 , 5 , 8 , 10000 , 0 , 0.747844 , 5 , 5 , 9 , 6 , 
MDP , 3 , 1 , 0.7 , 0.7 , 5 , 8 , 10000 , 0 , 0.997343 , 11 , 4 , 7 , 3 , 
MDP , 3 , 1 , 0.7 , 0.7 , 5 , 8 , 10000 , 0 , 0.954501 , 9 , 6 , 8 , 3 , 
MDP , 3 , 1 , 0.7 , 0.7 , 5 , 8 , 10000 , 0 , 0.851252 , 6 , 5 , 7 , 5 , 
MDP , 3 , 1 , 0.7 , 0.7 , 5 , 8 , 10000 , 0 , 0.478174 , 4 , 6 , 7 , 3 , 
MDP , 3 , 1 , 0.7 , 0.7 , 5 , 8 , 10000 , 0 , 0.8865 , 4 , 2 , 16 , 5 , 
MDP , 3 , 1 , 0.7 , 0.7 , 5 , 8 , 10000 , 0 , 0.986553 , 9 , 4 , 8 , 3 , 
MDP , 3 , 1 , 0.7 , 0.7 , 5 , 8 , 10000 , 0 , 0.93854 , 5 , 2 , 11 , 4 , 
MDP , 3 , 1 , 0.7 , 0.7 , 5 , 8 , 10000 , 0 , 0.818819 , 4 , 3 , 8 , 6 , 
MDP , 3 , 1 , 0.7 , 0.7 , 5 , 8 , 10000 , 0 , 0.884196 , 4 , 2 , 9 , 9 , 
MDP , 3 , 1 , 0.7 , 0.7 , 5 , 8 , 10000 , 0 , 0.974473 , 7 , 3 , 9 , 5 , 
MDP , 3 , 1 , 0.7 , 0.7 , 5 , 8 , 10000 , 0 , 0.944643 , 7 , 4 , 8 , 5 , 
MDP , 3 , 1 , 0.7 , 0.7 , 5 , 8 , 10000 , 0 , 0.986614 , 8 , 3 , 10 , 5 , 
MDP , 3 , 1 , 0.7 , 0.7 , 5 , 8 , 10000 , 0 , 0.880353 , 8 , 7 , 8 , 3 , 
MDP , 3 , 1 , 0.7 , 0.7 , 5 , 8 , 10000 , 0 , 0.995908 , 13 , 6 , 2 , 3 , 
MDP , 3 , 1 , 0.7 , 0.7 , 5 , 8 , 10000 , 0 , 0.958601 , 8 , 5 , 6 , 4 , 
MDP , 3 , 1 , 0.7 , 0.7 , 5 , 8 , 10000 , 0 , 0.999395 , 12 , 3 , 8 , 3 , 
MDP , 3 , 1 , 0.7 , 0.7 , 5 , 8 , 10000 , 0 , 0.987802 , 10 , 5 , 10 , 2 , 
MDP , 3 , 1 , 0.7 , 0.7 , 5 , 8 , 10000 , 0 , 0.999193 , 12 , 3 , 11 , 2 , 
MDP , 3 , 1 , 0.7 , 0.7 , 5 , 8 , 10000 , 0 , 0.970245 , 7 , 3 , 12 , 4 , 
MDP , 3 , 1 , 0.7 , 0.7 , 5 , 8 , 10000 , 0 , 0.974697 , 7 , 3 , 9 , 6 , 
MDP , 3 , 1 , 0.7 , 0.7 , 5 , 8 , 10000 , 0 , 0.988562 , 10 , 5 , 1 , 4 , 
MDP , 3 , 1 , 0.7 , 0.7 , 5 , 8 , 10000 , 0 , 0.994375 , 8 , 2 , 14 , 3 , 
MDP , 3 , 1 , 0.7 , 0.7 , 5 , 8 , 10000 , 0 , 0.784483 , 6 , 6 , 9 , 3 , 
MDP , 3 , 1 , 0.7 , 0.7 , 5 , 8 , 10000 , 0 , 0.988608 , 12 , 7 , 5 , 2 , 
MDP , 3 , 1 , 0.7 , 0.7 , 5 , 8 , 10000 , 0 , 0.972462 , 7 , 3 , 7 , 6 , 
MDP , 3 , 1 , 0.7 , 0.7 , 5 , 8 , 10000 , 0 , 0.973471 , 7 , 3 , 8 , 6 , 
MDP , 3 , 1 , 0.7 , 0.7 , 5 , 8 , 10000 , 0 , 0.986198 , 8 , 3 , 10 , 5 , 
MDP , 3 , 1 , 0.7 , 0.7 , 5 , 8 , 10000 , 0 , 0.993359 , 8 , 2 , 8 , 6 , 
MDP , 3 , 1 , 0.7 , 0.7 , 5 , 8 , 10000 , 0 , 0.814539 , 4 , 3 , 18 , 5 , 
MDP , 3 , 1 , 0.7 , 0.7 , 5 , 8 , 10000 , 0 , 0.724854 , 7 , 8 , 8 , 4 , 
MDP , 3 , 1 , 0.7 , 0.7 , 5 , 8 , 10000 , 0 , 0.999698 , 14 , 4 , 3 , 3 , 
MDP , 3 , 1 , 0.7 , 0.7 , 5 , 8 , 10000 , 0 , 0.99634 , 11 , 4 , 4 , 5 , 
MDP , 3 , 1 , 0.7 , 0.7 , 5 , 8 , 10000 , 0 , 0.650465 , 5 , 6 , 5 , 7 , 
MDP , 3 , 1 , 0.7 , 0.7 , 5 , 8 , 10000 , 0 , 0.869121 , 7 , 6 , 12 , 2 , 
MDP , 3 , 1 , 0.7 , 0.7 , 5 , 8 , 10000 , 0 , 0.972859 , 7 , 3 , 12 , 5 , 
MDP , 3 , 1 , 0.7 , 0.7 , 5 , 8 , 10000 , 0 , 0.926655 , 9 , 7 , 8 , 3 , 
MDP , 3 , 1 , 0.7 , 0.7 , 5 , 8 , 10000 , 0 , 0.771637 , 6 , 6 , 6 , 7 , 
MDP , 3 , 1 , 0.7 , 0.7 , 5 , 8 , 10000 , 0 , 0.999598 , 12 , 2 , 5 , 5 , 
MDP , 3 , 1 , 0.7 , 0.7 , 5 , 8 , 10000 , 0 , 0.869236 , 7 , 6 , 3 , 6 , 
MDP , 3 , 1 , 0.7 , 0.7 , 5 , 8 , 10000 , 0 , 0.98712 , 10 , 5 , 3 , 5 , 
MDP , 3 , 1 , 0.7 , 0.7 , 5 , 8 , 10000 , 0 , 0.889131 , 4 , 2 , 11 , 7 , 
MDP , 3 , 1 , 0.7 , 0.7 , 5 , 8 , 10000 , 0 , 0.888768 , 4 , 2 , 15 , 6 , 
MDP , 3 , 1 , 0.7 , 0.7 , 5 , 8 , 10000 , 0 , 0.796951 , 7 , 7 , 5 , 2 , 
MDP , 3 , 1 , 0.7 , 0.7 , 5 , 8 , 10000 , 0 , 0.997976 , 11 , 3 , 8 , 4 , 
MDP , 3 , 1 , 0.7 , 0.7 , 5 , 8 , 10000 , 0 , 0.968697 , 7 , 3 , 13 , 4 , 
MDP , 3 , 1 , 0.7 , 0.7 , 5 , 8 , 10000 , 0 , 0.99788 , 9 , 1 , 11 , 4 , 
MDP , 3 , 1 , 0.7 , 0.7 , 5 , 8 , 10000 , 0 , 0.991974 , 10 , 4 , 8 , 3 , 
MDP , 3 , 1 , 0.7 , 0.7 , 5 , 8 , 10000 , 0 , 0.999598 , 12 , 2 , 4 , 6 , 
MDP , 3 , 1 , 0.7 , 0.7 , 5 , 8 , 10000 , 0 , 0.72691 , 7 , 8 , 10 , 3 , 
MDP , 3 , 1 , 0.7 , 0.7 , 5 , 8 , 10000 , 0 , 0.969268 , 5 , 1 , 10 , 7 , 
MDP , 3 , 1 , 0.7 , 0.7 , 5 , 8 , 10000 , 0 , 0.974426 , 7 , 3 , 3 , 7 , 
MDP , 3 , 1 , 0.7 , 0.7 , 5 , 8 , 10000 , 0 , 0.90921 , 11 , 10 , 7 , 1 , 
MDP , 3 , 1 , 0.7 , 0.7 , 5 , 8 , 10000 , 0 , 0.961163 , 10 , 7 , 6 , 2 , 
MDP , 3 , 1 , 0.7 , 0.7 , 5 , 8 , 10000 , 0 , 0.988404 , 12 , 7 , 3 , 3 , 
MDP , 3 , 1 , 0.7 , 0.7 , 5 , 8 , 10000 , 0 , 0.95821 , 9 , 6 , 8 , 3 , 
MDP , 3 , 1 , 0.7 , 0.7 , 5 , 8 , 10000 , 0 , 0.977354 , 8 , 4 , 9 , 3 , 
MDP , 3 , 1 , 0.7 , 0.7 , 5 , 8 , 10000 , 0 , 0.939491 , 5 , 2 , 13 , 4 , 
MDP , 3 , 1 , 0.7 , 0.7 , 5 , 8 , 10000 , 0 , 0.987382 , 12 , 7 , 4 , 2 , 
MDP , 3 , 1 , 0.7 , 0.7 , 5 , 8 , 10000 , 0 , 0.989105 , 12 , 7 , 5 , 2 , 
MDP , 3 , 1 , 0.7 , 0.7 , 5 , 8 , 10000 , 0 , 0.998584 , 11 , 3 , 3 , 5 , 
MDP , 3 , 1 , 0.7 , 0.7 , 5 , 8 , 10000 , 0 , 0.754356 , 8 , 9 , 1 , 1 , 
MDP , 3 , 1 , 0.7 , 0.7 , 5 , 8 , 10000 , 0 , 0.962939 , 10 , 7 , 7 , 4 , 
MDP , 3 , 1 , 0.7 , 0.7 , 5 , 8 , 10000 , 0 , 0.992736 , 8 , 2 , 9 , 5 , 
MDP , 3 , 1 , 0.75 , 0.75 , 5 , 8 , 10000 , 0 , 0.973556 , 7 , 3 , 16 , 2 , 
MDP , 3 , 1 , 0.75 , 0.75 , 5 , 8 , 10000 , 0 , 0.853612 , 6 , 5 , 9 , 5 , 
MDP , 3 , 1 , 0.75 , 0.75 , 5 , 8 , 10000 , 0 , 0.998687 , 9 , 1 , 12 , 4 , 
MDP , 3 , 1 , 0.75 , 0.75 , 5 , 8 , 10000 , 0 , 0.999497 , 12 , 2 , 8 , 4 , 
MDP , 3 , 1 , 0.75 , 0.75 , 5 , 8 , 10000 , 0 , 0.999397 , 12 , 2 , 10 , 2 , 
MDP , 3 , 1 , 0.75 , 0.75 , 5 , 8 , 10000 , 0 , 0.998183 , 9 , 1 , 10 , 5 , 
MDP , 3 , 1 , 0.75 , 0.75 , 5 , 8 , 10000 , 0 , 0.891326 , 13 , 13 , 1 , 1 , 
MDP , 3 , 1 , 0.75 , 0.75 , 5 , 8 , 10000 , 0 , 0.89172 , 4 , 2 , 18 , 5 , 
MDP , 3 , 1 , 0.75 , 0.75 , 5 , 8 , 10000 , 0 , 0.995509 , 11 , 4 , 8 , 4 , 
MDP , 3 , 1 , 0.75 , 0.75 , 5 , 8 , 10000 , 0 , 0.954416 , 9 , 6 , 12 , 2 , 
MDP , 3 , 1 , 0.75 , 0.75 , 5 , 8 , 10000 , 0 , 0.974044 , 7 , 3 , 11 , 5 , 
MDP , 3 , 1 , 0.75 , 0.75 , 5 , 8 , 10000 , 0 , 0.974143 , 7 , 3 , 9 , 5 , 
MDP , 3 , 1 , 0.75 , 0.75 , 5 , 8 , 10000 , 0 , 0.998166 , 14 , 6 , 7 , 1 , 
MDP , 3 , 1 , 0.75 , 0.75 , 5 , 8 , 10000 , 0 , 0.987649 , 10 , 5 , 4 , 4 , 
MDP , 3 , 1 , 0.75 , 0.75 , 5 , 8 , 10000 , 0 , 0.992728 , 8 , 2 , 8 , 6 , 
MDP , 3 , 1 , 0.75 , 0.75 , 5 , 8 , 10000 , 0 , 0.99828 , 11 , 3 , 5 , 4 , 
MDP , 3 , 1 , 0.75 , 0.75 , 5 , 8 , 10000 , 0 , 0.851538 , 6 , 5 , 6 , 6 , 
MDP , 3 , 1 , 0.75 , 0.75 , 5 , 8 , 10000 , 0 , 0.993657 , 8 , 2 , 11 , 5 , 
MDP , 3 , 1 , 0.75 , 0.75 , 5 , 8 , 10000 , 0 , 0.998486 , 9 , 1 , 14 , 4 , 
MDP , 3 , 1 , 0.75 , 0.75 , 5 , 8 , 10000 , 0 , 0.999397 , 12 , 2 , 6 , 5 , 
MDP , 3 , 1 , 0.75 , 0.75 , 5 , 8 , 10000 , 0 , 0.97106 , 5 , 1 , 17 , 5 , 
MDP , 3 , 1 , 0.75 , 0.75 , 5 , 8 , 10000 , 0 , 0.996223 , 11 , 4 , 7 , 4 , 
MDP , 3 , 1 , 0.75 , 0.75 , 5 , 8 , 10000 , 0 , 0.979389 , 12 , 8 , 5 , 2 , 
MDP , 3 , 1 , 0.75 , 0.75 , 5 , 8 , 10000 , 0 , 0.966324 , 5 , 1 , 21 , 3 , 
MDP , 3 , 1 , 0.75 , 0.75 , 5 , 8 , 10000 , 0 , 0.997574 , 11 , 3 , 7 , 4 , 
MDP , 3 , 1 , 0.75 , 0.75 , 5 , 8 , 10000 , 0 , 0.97297 , 7 , 3 , 9 , 6 , 
MDP , 3 , 1 , 0.75 , 0.75 , 5 , 8 , 10000 , 0 , 0.978186 , 12 , 8 , 4 , 2 , 
MDP , 3 , 1 , 0.75 , 0.75 , 5 , 8 , 10000 , 0 , 0.999196 , 12 , 2 , 7 , 4 , 
MDP , 3 , 1 , 0.75 , 0.75 , 5 , 8 , 10000 , 0 , 0.99417 , 13 , 7 , 7 , 1 , 
MDP , 3 , 1 , 0.75 , 0.75 , 5 , 8 , 10000 , 0 , 0.999799 , 12 , 2 , 9 , 3 , 
MDP , 3 , 1 , 0.75 , 0.75 , 5 , 8 , 10000 , 0 , 0.997047 , 11 , 4 , 7 , 4 , 
MDP , 3 , 1 , 0.75 , 0.75 , 5 , 8 , 10000 , 0 , 0.998589 , 12 , 3 , 11 , 2 , 
MDP , 3 , 1 , 0.75 , 0.75 , 5 , 8 , 10000 , 0 , 0.985683 , 8 , 3 , 10 , 5 , 
MDP , 3 , 1 , 0.75 , 0.75 , 5 , 8 , 10000 , 0 , 0.89105 , 4 , 2 , 14 , 6 , 
MDP , 3 , 1 , 0.75 , 0.75 , 5 , 8 , 10000 , 0 , 0.98764 , 10 , 5 , 4 , 5 , 
MDP , 3 , 1 , 0.75 , 0.75 , 5 , 8 , 10000 , 0 , 0.999295 , 12 , 3 , 10 , 2 , 
MDP , 3 , 1 , 0.75 , 0.75 , 5 , 8 , 10000 , 0 , 0.996026 , 11 , 4 , 7 , 5 , 
MDP , 3 , 1 , 0.75 , 0.75 , 5 , 8 , 10000 , 0 , 0.999799 , 12 , 2 , 4 , 5 , 
MDP , 3 , 1 , 0.75 , 0.75 , 5 , 8 , 10000 , 0 , 0.998989 , 9 , 1 , 16 , 3 , 
MDP , 3 , 1 , 0.75 , 0.75 , 5 , 8 , 10000 , 0 , 0.997882 , 9 , 1 , 7 , 7 , 
MDP , 3 , 1 , 0.75 , 0.75 , 5 , 8 , 10000 , 0 , 0.948402 , 7 , 4 , 12 , 4 , 
MDP , 3 , 1 , 0.75 , 0.75 , 5 , 8 , 10000 , 0 , 0.976786 , 10 , 6 , 9 , 3 , 
MDP , 3 , 1 , 0.75 , 0.75 , 5 , 8 , 10000 , 0 , 0.989232 , 10 , 5 , 5 , 5 , 
MDP , 3 , 1 , 0.75 , 0.75 , 5 , 8 , 10000 , 0 , 0.986584 , 10 , 5 , 11 , 2 , 
MDP , 3 , 1 , 0.75 , 0.75 , 5 , 8 , 10000 , 0 , 0.999699 , 12 , 2 , 10 , 2 , 
MDP , 3 , 1 , 0.75 , 0.75 , 5 , 8 , 10000 , 0 , 0.998684 , 11 , 3 , 11 , 2 , 
MDP , 3 , 1 , 0.75 , 0.75 , 5 , 8 , 10000 , 0 , 0.88407 , 9 , 8 , 6 , 4 , 
MDP , 3 , 1 , 0.75 , 0.75 , 5 , 8 , 10000 , 0 , 0.985674 , 8 , 3 , 8 , 5 , 
MDP , 3 , 1 , 0.75 , 0.75 , 5 , 8 , 10000 , 0 , 0.992884 , 10 , 4 , 6 , 4 , 
MDP , 3 , 1 , 0.75 , 0.75 , 5 , 8 , 10000 , 0 , 0.996333 , 11 , 4 , 9 , 3 , 
MDP , 3 , 1 , 0.75 , 0.75 , 5 , 8 , 10000 , 0 , 0.973704 , 7 , 3 , 12 , 4 , 
MDP , 3 , 1 , 0.75 , 0.75 , 5 , 8 , 10000 , 0 , 0.996524 , 13 , 6 , 4 , 2 , 
MDP , 3 , 1 , 0.75 , 0.75 , 5 , 8 , 10000 , 0 , 0.998584 , 14 , 5 , 3 , 3 , 
MDP , 3 , 1 , 0.75 , 0.75 , 5 , 8 , 10000 , 0 , 0.99747 , 11 , 3 , 5 , 5 , 
MDP , 3 , 1 , 0.75 , 0.75 , 5 , 8 , 10000 , 0 , 0.993571 , 13 , 7 , 2 , 3 , 
MDP , 3 , 1 , 0.75 , 0.75 , 5 , 8 , 10000 , 0 , 0.995913 , 11 , 4 , 11 , 2 , 
MDP , 3 , 1 , 0.75 , 0.75 , 5 , 8 , 10000 , 0 , 0.998082 , 9 , 1 , 10 , 5 , 
MDP , 3 , 1 , 0.75 , 0.75 , 5 , 8 , 10000 , 0 , 0.978701 , 12 , 8 , 5 , 2 , 
MDP , 3 , 1 , 0.75 , 0.75 , 5 , 8 , 10000 , 0 , 0.997979 , 11 , 3 , 5 , 5 , 
MDP , 3 , 1 , 0.75 , 0.75 , 5 , 8 , 10000 , 0 , 0.992369 , 11 , 5 , 5 , 4 , 
MDP , 3 , 1 , 0.75 , 0.75 , 5 , 8 , 10000 , 0 , 0.974792 , 10 , 6 , 8 , 3 , 
MDP , 3 , 1 , 0.75 , 0.75 , 5 , 8 , 10000 , 0 , 0.808038 , 4 , 3 , 14 , 7 , 
MDP , 3 , 1 , 0.75 , 0.75 , 5 , 8 , 10000 , 0 , 0.925863 , 9 , 7 , 11 , 2 , 
MDP , 3 , 1 , 0.75 , 0.75 , 5 , 8 , 10000 , 0 , 0.986053 , 8 , 3 , 12 , 4 , 
MDP , 3 , 1 , 0.75 , 0.75 , 5 , 8 , 10000 , 0 , 0.892272 , 4 , 2 , 10 , 8 , 
MDP , 3 , 1 , 0.75 , 0.75 , 5 , 8 , 10000 , 0 , 0.993515 , 10 , 4 , 8 , 3 , 
MDP , 3 , 1 , 0.75 , 0.75 , 5 , 8 , 10000 , 0 , 0.886396 , 4 , 2 , 13 , 6 , 
MDP , 3 , 1 , 0.75 , 0.75 , 5 , 8 , 10000 , 0 , 0.987384 , 10 , 5 , 5 , 4 , 
MDP , 3 , 1 , 0.75 , 0.75 , 5 , 8 , 10000 , 0 , 0.853159 , 6 , 5 , 6 , 7 , 
MDP , 3 , 1 , 0.75 , 0.75 , 5 , 8 , 10000 , 0 , 0.992916 , 10 , 4 , 5 , 4 , 
MDP , 3 , 1 , 0.75 , 0.75 , 5 , 8 , 10000 , 0 , 0.998164 , 16 , 8 , 1 , 1 , 
MDP , 3 , 1 , 0.75 , 0.75 , 5 , 8 , 10000 , 0 , 0.986412 , 10 , 5 , 10 , 2 , 
MDP , 3 , 1 , 0.75 , 0.75 , 5 , 8 , 10000 , 0 , 0.998891 , 12 , 3 , 7 , 3 , 
MDP , 3 , 1 , 0.75 , 0.75 , 5 , 8 , 10000 , 0 , 0.987424 , 10 , 5 , 13 , 1 , 
MDP , 3 , 1 , 0.75 , 0.75 , 5 , 8 , 10000 , 0 , 0.997267 , 11 , 3 , 5 , 5 , 
MDP , 3 , 1 , 0.75 , 0.75 , 5 , 8 , 10000 , 0 , 0.999599 , 12 , 2 , 11 , 2 , 
MDP , 3 , 1 , 0.75 , 0.75 , 5 , 8 , 10000 , 0 , 0.996231 , 11 , 4 , 6 , 4 , 
MDP , 3 , 1 , 0.75 , 0.75 , 5 , 8 , 10000 , 0 , 0.992935 , 8 , 2 , 9 , 5 , 
MDP , 3 , 1 , 0.75 , 0.75 , 5 , 8 , 10000 , 0 , 0.997552 , 14 , 6 , 7 , 1 , 
MDP , 3 , 1 , 0.75 , 0.75 , 5 , 8 , 10000 , 0 , 0.998382 , 11 , 3 , 5 , 4 , 
MDP , 3 , 1 , 0.75 , 0.75 , 5 , 8 , 10000 , 0 , 0.954815 , 9 , 6 , 9 , 3 , 
MDP , 3 , 1 , 0.75 , 0.75 , 5 , 8 , 10000 , 0 , 0.971934 , 7 , 3 , 8 , 6 , 
MDP , 3 , 1 , 0.75 , 0.75 , 5 , 8 , 10000 , 0 , 0.988164 , 10 , 5 , 13 , 1 , 
MDP , 3 , 1 , 0.75 , 0.75 , 5 , 8 , 10000 , 0 , 0.997274 , 9 , 1 , 13 , 4 , 
MDP , 3 , 1 , 0.75 , 0.75 , 5 , 8 , 10000 , 0 , 0.974048 , 7 , 3 , 7 , 5 , 
MDP , 3 , 1 , 0.75 , 0.75 , 5 , 8 , 10000 , 0 , 0.973087 , 7 , 3 , 8 , 5 , 
MDP , 3 , 1 , 0.75 , 0.75 , 5 , 8 , 10000 , 0 , 0.975466 , 7 , 3 , 11 , 6 , 
MDP , 3 , 1 , 0.75 , 0.75 , 5 , 8 , 10000 , 0 , 0.965253 , 12 , 9 , 7 , 1 , 
MDP , 3 , 1 , 0.75 , 0.75 , 5 , 8 , 10000 , 0 , 0.997975 , 11 , 3 , 13 , 1 , 
MDP , 3 , 1 , 0.75 , 0.75 , 5 , 8 , 10000 , 0 , 0.976257 , 10 , 6 , 11 , 2 , 
MDP , 3 , 1 , 0.75 , 0.75 , 5 , 8 , 10000 , 0 , 0.973135 , 7 , 3 , 10 , 5 , 
MDP , 3 , 1 , 0.75 , 0.75 , 5 , 8 , 10000 , 0 , 1 , 13 , 1 , 7 , 4 , 
MDP , 3 , 1 , 0.75 , 0.75 , 5 , 8 , 10000 , 0 , 0.998178 , 11 , 3 , 9 , 3 , 
MDP , 3 , 1 , 0.75 , 0.75 , 5 , 8 , 10000 , 0 , 0.996415 , 13 , 6 , 6 , 2 , 
MDP , 3 , 1 , 0.75 , 0.75 , 5 , 8 , 10000 , 0 , 0.988074 , 10 , 5 , 6 , 4 , 
MDP , 3 , 1 , 0.75 , 0.75 , 5 , 8 , 10000 , 0 , 0.97376 , 10 , 6 , 6 , 4 , 
MDP , 3 , 1 , 0.75 , 0.75 , 5 , 8 , 10000 , 0 , 0.781731 , 6 , 6 , 11 , 5 , 
MDP , 3 , 1 , 0.75 , 0.75 , 5 , 8 , 10000 , 0 , 0.972785 , 7 , 3 , 9 , 6 , 
MDP , 3 , 1 , 0.75 , 0.75 , 5 , 8 , 10000 , 0 , 0.987798 , 13 , 8 , 2 , 3 , 
MDP , 3 , 1 , 0.75 , 0.75 , 5 , 8 , 10000 , 0 , 0.958397 , 9 , 6 , 10 , 3 , 
