MDP , 3 , 1 , 0.15 , 0.15 , 10 , 2 , 10000 , 1 , 0.288889 , 2 , 4 , 1 , 1 , 
MDP , 3 , 1 , 0.15 , 0.15 , 10 , 2 , 10000 , 1 , 0.595513 , 2 , 2 , 1 , 1 , 
MDP , 3 , 1 , 0.15 , 0.15 , 10 , 2 , 10000 , 1 , 0.651163 , 2 , 2 , 1 , 1 , 
MDP , 3 , 1 , 0.15 , 0.15 , 10 , 2 , 10000 , 1 , 0.19384 , 1 , 3 , 1 , 1 , 
MDP , 3 , 1 , 0.15 , 0.15 , 10 , 2 , 10000 , 1 , 0.454545 , 1 , 1 , 1 , 1 , 
MDP , 3 , 1 , 0.15 , 0.15 , 10 , 2 , 10000 , 1 , 0.18398 , 1 , 3 , 1 , 1 , 
MDP , 3 , 1 , 0.15 , 0.15 , 10 , 2 , 10000 , 1 , 0.168421 , 1 , 3 , 1 , 1 , 
MDP , 3 , 1 , 0.15 , 0.15 , 10 , 2 , 10000 , 1 , 0.191306 , 1 , 3 , 1 , 1 , 
MDP , 3 , 1 , 0.15 , 0.15 , 10 , 2 , 10000 , 1 , 0.458747 , 1 , 1 , 1 , 1 , 
MDP , 3 , 1 , 0.15 , 0.15 , 10 , 2 , 10000 , 1 , 0.300433 , 1 , 2 , 1 , 1 , 
MDP , 3 , 1 , 0.15 , 0.15 , 10 , 2 , 10000 , 1 , 0.313052 , 1 , 2 , 1 , 1 , 
MDP , 3 , 1 , 0.15 , 0.15 , 10 , 2 , 10000 , 1 , 0.302346 , 1 , 2 , 1 , 1 , 
MDP , 3 , 1 , 0.15 , 0.15 , 10 , 2 , 10000 , 1 , 0.312162 , 2 , 4 , 1 , 1 , 
MDP , 3 , 1 , 0.15 , 0.15 , 10 , 2 , 10000 , 1 , 0.115489 , 1 , 4 , 1 , 1 , 
MDP , 3 , 1 , 0.15 , 0.15 , 10 , 2 , 10000 , 1 , 0.308007 , 1 , 2 , 1 , 1 , 
MDP , 3 , 1 , 0.15 , 0.15 , 10 , 2 , 10000 , 1 , 0.191933 , 1 , 3 , 1 , 1 , 
MDP , 3 , 1 , 0.15 , 0.15 , 10 , 2 , 10000 , 1 , 0.119593 , 1 , 4 , 1 , 1 , 
MDP , 3 , 1 , 0.15 , 0.15 , 10 , 2 , 10000 , 1 , 0.118815 , 1 , 4 , 1 , 1 , 
MDP , 3 , 1 , 0.15 , 0.15 , 10 , 2 , 10000 , 1 , 0.321875 , 2 , 4 , 1 , 1 , 
MDP , 3 , 1 , 0.15 , 0.15 , 10 , 2 , 10000 , 1 , 0.318206 , 1 , 2 , 1 , 1 , 
MDP , 3 , 1 , 0.15 , 0.15 , 10 , 2 , 10000 , 1 , 0.316106 , 1 , 2 , 1 , 1 , 
MDP , 3 , 1 , 0.15 , 0.15 , 10 , 2 , 10000 , 1 , 0.192548 , 1 , 3 , 1 , 1 , 
MDP , 3 , 1 , 0.15 , 0.15 , 10 , 2 , 10000 , 1 , 0.0421236 , 1 , 6 , 1 , 1 , 
MDP , 3 , 1 , 0.15 , 0.15 , 10 , 2 , 10000 , 1 , 0.138298 , 1 , 4 , 1 , 1 , 
MDP , 3 , 1 , 0.15 , 0.15 , 10 , 2 , 10000 , 1 , 0.494624 , 1 , 1 , 1 , 1 , 
MDP , 3 , 1 , 0.15 , 0.15 , 10 , 2 , 10000 , 1 , 0.447845 , 2 , 3 , 1 , 1 , 
MDP , 3 , 1 , 0.15 , 0.15 , 10 , 2 , 10000 , 1 , 0.116876 , 1 , 4 , 1 , 1 , 
MDP , 3 , 1 , 0.15 , 0.15 , 10 , 2 , 10000 , 1 , 0.21875 , 1 , 3 , 1 , 1 , 
MDP , 3 , 1 , 0.15 , 0.15 , 10 , 2 , 10000 , 1 , 0.4632 , 1 , 1 , 1 , 1 , 
MDP , 3 , 1 , 0.15 , 0.15 , 10 , 2 , 10000 , 1 , 0.255319 , 1 , 2 , 1 , 1 , 
MDP , 3 , 1 , 0.15 , 0.15 , 10 , 2 , 10000 , 1 , 0.315217 , 1 , 2 , 1 , 1 , 
MDP , 3 , 1 , 0.15 , 0.15 , 10 , 2 , 10000 , 1 , 0.195583 , 1 , 3 , 1 , 1 , 
MDP , 3 , 1 , 0.15 , 0.15 , 10 , 2 , 10000 , 1 , 0.140278 , 2 , 6 , 1 , 1 , 
MDP , 3 , 1 , 0.15 , 0.15 , 10 , 2 , 10000 , 1 , 0.444444 , 2 , 3 , 1 , 1 , 
MDP , 3 , 1 , 0.15 , 0.15 , 10 , 2 , 10000 , 1 , 0.236559 , 1 , 2 , 1 , 1 , 
MDP , 3 , 1 , 0.15 , 0.15 , 10 , 2 , 10000 , 1 , 0.444544 , 2 , 3 , 1 , 1 , 
MDP , 3 , 1 , 0.15 , 0.15 , 10 , 2 , 10000 , 1 , 0.188413 , 1 , 3 , 1 , 1 , 
MDP , 3 , 1 , 0.15 , 0.15 , 10 , 2 , 10000 , 1 , 0.329897 , 1 , 2 , 1 , 1 , 
MDP , 3 , 1 , 0.15 , 0.15 , 10 , 2 , 10000 , 1 , 0.191153 , 1 , 3 , 1 , 1 , 
MDP , 3 , 1 , 0.15 , 0.15 , 10 , 2 , 10000 , 1 , 0.192061 , 1 , 3 , 1 , 1 , 
MDP , 3 , 1 , 0.15 , 0.15 , 10 , 2 , 10000 , 1 , 0.215054 , 1 , 3 , 1 , 1 , 
MDP , 3 , 1 , 0.15 , 0.15 , 10 , 2 , 10000 , 1 , 0.1121 , 1 , 4 , 1 , 1 , 
MDP , 3 , 1 , 0.15 , 0.15 , 10 , 2 , 10000 , 1 , 0.302088 , 1 , 2 , 1 , 1 , 
MDP , 3 , 1 , 0.15 , 0.15 , 10 , 2 , 10000 , 1 , 0.5967 , 2 , 2 , 1 , 1 , 
MDP , 3 , 1 , 0.15 , 0.15 , 10 , 2 , 10000 , 1 , 0.613636 , 2 , 2 , 1 , 1 , 
MDP , 3 , 1 , 0.15 , 0.15 , 10 , 2 , 10000 , 1 , 0.193261 , 1 , 3 , 1 , 1 , 
MDP , 3 , 1 , 0.15 , 0.15 , 10 , 2 , 10000 , 1 , 0.0375832 , 1 , 6 , 1 , 1 , 
MDP , 3 , 1 , 0.15 , 0.15 , 10 , 2 , 10000 , 1 , 0.117419 , 1 , 4 , 1 , 1 , 
MDP , 3 , 1 , 0.15 , 0.15 , 10 , 2 , 10000 , 1 , 0.0395059 , 1 , 6 , 1 , 1 , 
MDP , 3 , 1 , 0.15 , 0.15 , 10 , 2 , 10000 , 1 , 0.456401 , 1 , 1 , 1 , 1 , 
MDP , 3 , 1 , 0.15 , 0.15 , 10 , 2 , 10000 , 1 , 0.315291 , 1 , 2 , 1 , 1 , 
MDP , 3 , 1 , 0.15 , 0.15 , 10 , 2 , 10000 , 1 , 0.521739 , 1 , 1 , 1 , 1 , 
MDP , 3 , 1 , 0.15 , 0.15 , 10 , 2 , 10000 , 1 , 0.141304 , 1 , 3 , 1 , 1 , 
MDP , 3 , 1 , 0.15 , 0.15 , 10 , 2 , 10000 , 1 , 0.322385 , 2 , 4 , 1 , 1 , 
MDP , 3 , 1 , 0.15 , 0.15 , 10 , 2 , 10000 , 1 , 0.586957 , 2 , 2 , 1 , 1 , 
MDP , 3 , 1 , 0.15 , 0.15 , 10 , 2 , 10000 , 1 , 0.212696 , 2 , 5 , 1 , 1 , 
MDP , 3 , 1 , 0.15 , 0.15 , 10 , 2 , 10000 , 1 , 0.393258 , 2 , 4 , 1 , 1 , 
MDP , 3 , 1 , 0.15 , 0.15 , 10 , 2 , 10000 , 1 , 0.139785 , 1 , 4 , 1 , 1 , 
MDP , 3 , 1 , 0.15 , 0.15 , 10 , 2 , 10000 , 1 , 0.186027 , 1 , 3 , 1 , 1 , 
MDP , 3 , 1 , 0.15 , 0.15 , 10 , 2 , 10000 , 1 , 0.629213 , 3 , 3 , 1 , 1 , 
MDP , 3 , 1 , 0.15 , 0.15 , 10 , 2 , 10000 , 1 , 0.443258 , 2 , 3 , 1 , 1 , 
MDP , 3 , 1 , 0.15 , 0.15 , 10 , 2 , 10000 , 1 , 0.310341 , 1 , 2 , 1 , 1 , 
MDP , 3 , 1 , 0.15 , 0.15 , 10 , 2 , 10000 , 1 , 0.1 , 2 , 7 , 1 , 1 , 
MDP , 3 , 1 , 0.15 , 0.15 , 10 , 2 , 10000 , 1 , 0.0668388 , 1 , 5 , 1 , 1 , 
MDP , 3 , 1 , 0.15 , 0.15 , 10 , 2 , 10000 , 1 , 0.0721649 , 1 , 4 , 1 , 1 , 
MDP , 3 , 1 , 0.15 , 0.15 , 10 , 2 , 10000 , 1 , 0.163043 , 1 , 3 , 1 , 1 , 
MDP , 3 , 1 , 0.15 , 0.15 , 10 , 2 , 10000 , 1 , 0.4 , 1 , 2 , 1 , 1 , 
MDP , 3 , 1 , 0.15 , 0.15 , 10 , 2 , 10000 , 1 , 0.138298 , 1 , 3 , 1 , 1 , 
MDP , 3 , 1 , 0.15 , 0.15 , 10 , 2 , 10000 , 1 , 0.59779 , 2 , 2 , 1 , 1 , 
MDP , 3 , 1 , 0.15 , 0.15 , 10 , 2 , 10000 , 1 , 0.664865 , 3 , 3 , 1 , 1 , 
MDP , 3 , 1 , 0.15 , 0.15 , 10 , 2 , 10000 , 1 , 0.0235724 , 1 , 7 , 1 , 1 , 
MDP , 3 , 1 , 0.15 , 0.15 , 10 , 2 , 10000 , 1 , 0.120505 , 1 , 4 , 1 , 1 , 
MDP , 3 , 1 , 0.15 , 0.15 , 10 , 2 , 10000 , 1 , 0.659091 , 2 , 2 , 1 , 1 , 
MDP , 3 , 1 , 0.15 , 0.15 , 10 , 2 , 10000 , 1 , 0.106264 , 1 , 4 , 1 , 1 , 
MDP , 3 , 1 , 0.15 , 0.15 , 10 , 2 , 10000 , 1 , 0.304592 , 1 , 2 , 1 , 1 , 
MDP , 3 , 1 , 0.15 , 0.15 , 10 , 2 , 10000 , 1 , 0.0206186 , 1 , 5 , 1 , 1 , 
MDP , 3 , 1 , 0.15 , 0.15 , 10 , 2 , 10000 , 1 , 0.463158 , 1 , 2 , 1 , 1 , 
MDP , 3 , 1 , 0.15 , 0.15 , 10 , 2 , 10000 , 1 , 0.297916 , 1 , 2 , 1 , 1 , 
MDP , 3 , 1 , 0.15 , 0.15 , 10 , 2 , 10000 , 1 , 0.0612245 , 1 , 5 , 1 , 1 , 
MDP , 3 , 1 , 0.15 , 0.15 , 10 , 2 , 10000 , 1 , 0.212766 , 1 , 3 , 1 , 1 , 
MDP , 3 , 1 , 0.15 , 0.15 , 10 , 2 , 10000 , 1 , 0.148936 , 1 , 4 , 1 , 1 , 
MDP , 3 , 1 , 0.15 , 0.15 , 10 , 2 , 10000 , 1 , 0.633333 , 2 , 2 , 1 , 1 , 
MDP , 3 , 1 , 0.15 , 0.15 , 10 , 2 , 10000 , 1 , 0.315217 , 1 , 2 , 1 , 1 , 
MDP , 3 , 1 , 0.15 , 0.15 , 10 , 2 , 10000 , 1 , 0.070306 , 1 , 5 , 1 , 1 , 
MDP , 3 , 1 , 0.15 , 0.15 , 10 , 2 , 10000 , 1 , 0.0694789 , 1 , 5 , 1 , 1 , 
MDP , 3 , 1 , 0.15 , 0.15 , 10 , 2 , 10000 , 1 , 0.117302 , 1 , 4 , 1 , 1 , 
MDP , 3 , 1 , 0.15 , 0.15 , 10 , 2 , 10000 , 1 , 0.846154 , 4 , 3 , 1 , 1 , 
MDP , 3 , 1 , 0.15 , 0.15 , 10 , 2 , 10000 , 1 , 0.319444 , 2 , 4 , 1 , 1 , 
MDP , 3 , 1 , 0.15 , 0.15 , 10 , 2 , 10000 , 1 , 0.736501 , 2 , 1 , 1 , 1 , 
MDP , 3 , 1 , 0.15 , 0.15 , 10 , 2 , 10000 , 1 , 0.0711414 , 1 , 5 , 1 , 1 , 
MDP , 3 , 1 , 0.15 , 0.15 , 10 , 2 , 10000 , 1 , 0.263158 , 1 , 2 , 1 , 1 , 
MDP , 3 , 1 , 0.15 , 0.15 , 10 , 2 , 10000 , 1 , 0.126316 , 1 , 4 , 1 , 1 , 
MDP , 3 , 1 , 0.15 , 0.15 , 10 , 2 , 10000 , 1 , 0.233333 , 1 , 3 , 1 , 1 , 
MDP , 3 , 1 , 0.15 , 0.15 , 10 , 2 , 10000 , 1 , 0.31162 , 1 , 2 , 1 , 1 , 
MDP , 3 , 1 , 0.15 , 0.15 , 10 , 2 , 10000 , 1 , 0.868945 , 3 , 1 , 1 , 1 , 
MDP , 3 , 1 , 0.15 , 0.15 , 10 , 2 , 10000 , 1 , 0.471993 , 1 , 1 , 1 , 1 , 
MDP , 3 , 1 , 0.15 , 0.15 , 10 , 2 , 10000 , 1 , 0.182803 , 1 , 3 , 1 , 1 , 
MDP , 3 , 1 , 0.15 , 0.15 , 10 , 2 , 10000 , 1 , 0.0707071 , 1 , 5 , 1 , 1 , 
MDP , 3 , 1 , 0.15 , 0.15 , 10 , 2 , 10000 , 1 , 0.298249 , 1 , 2 , 1 , 1 , 
MDP , 3 , 1 , 0.15 , 0.15 , 10 , 2 , 10000 , 1 , 0.313195 , 1 , 2 , 1 , 1 , 
MDP , 3 , 1 , 0.2 , 0.2 , 10 , 2 , 10000 , 1 , 0.288889 , 2 , 4 , 1 , 1 , 
MDP , 3 , 1 , 0.2 , 0.2 , 10 , 2 , 10000 , 1 , 0.595513 , 2 , 2 , 1 , 1 , 
MDP , 3 , 1 , 0.2 , 0.2 , 10 , 2 , 10000 , 1 , 0.651163 , 2 , 2 , 1 , 1 , 
MDP , 3 , 1 , 0.2 , 0.2 , 10 , 2 , 10000 , 1 , 0.19384 , 1 , 3 , 1 , 1 , 
MDP , 3 , 1 , 0.2 , 0.2 , 10 , 2 , 10000 , 1 , 0.454545 , 1 , 1 , 1 , 1 , 
MDP , 3 , 1 , 0.2 , 0.2 , 10 , 2 , 10000 , 1 , 0.18398 , 1 , 3 , 1 , 1 , 
MDP , 3 , 1 , 0.2 , 0.2 , 10 , 2 , 10000 , 1 , 0.168421 , 1 , 3 , 1 , 1 , 
MDP , 3 , 1 , 0.2 , 0.2 , 10 , 2 , 10000 , 1 , 0.191306 , 1 , 3 , 1 , 1 , 
MDP , 3 , 1 , 0.2 , 0.2 , 10 , 2 , 10000 , 1 , 0.458747 , 1 , 1 , 1 , 1 , 
MDP , 3 , 1 , 0.2 , 0.2 , 10 , 2 , 10000 , 1 , 0.300433 , 1 , 2 , 1 , 1 , 
MDP , 3 , 1 , 0.2 , 0.2 , 10 , 2 , 10000 , 1 , 0.313052 , 1 , 2 , 1 , 1 , 
MDP , 3 , 1 , 0.2 , 0.2 , 10 , 2 , 10000 , 1 , 0.302346 , 1 , 2 , 1 , 1 , 
MDP , 3 , 1 , 0.2 , 0.2 , 10 , 2 , 10000 , 1 , 0.312162 , 2 , 4 , 1 , 1 , 
MDP , 3 , 1 , 0.2 , 0.2 , 10 , 2 , 10000 , 1 , 0.115489 , 1 , 4 , 1 , 1 , 
MDP , 3 , 1 , 0.2 , 0.2 , 10 , 2 , 10000 , 1 , 0.308007 , 1 , 2 , 1 , 1 , 
MDP , 3 , 1 , 0.2 , 0.2 , 10 , 2 , 10000 , 1 , 0.191933 , 1 , 3 , 1 , 1 , 
MDP , 3 , 1 , 0.2 , 0.2 , 10 , 2 , 10000 , 1 , 0.119593 , 1 , 4 , 1 , 1 , 
MDP , 3 , 1 , 0.2 , 0.2 , 10 , 2 , 10000 , 1 , 0.118815 , 1 , 4 , 1 , 1 , 
MDP , 3 , 1 , 0.2 , 0.2 , 10 , 2 , 10000 , 1 , 0.667454 , 3 , 3 , 1 , 1 , 
MDP , 3 , 1 , 0.2 , 0.2 , 10 , 2 , 10000 , 1 , 0.066997 , 1 , 5 , 1 , 1 , 
MDP , 3 , 1 , 0.2 , 0.2 , 10 , 2 , 10000 , 1 , 0.0667838 , 1 , 5 , 1 , 1 , 
MDP , 3 , 1 , 0.2 , 0.2 , 10 , 2 , 10000 , 1 , 0.777336 , 3 , 2 , 1 , 1 , 
MDP , 3 , 1 , 0.2 , 0.2 , 10 , 2 , 10000 , 1 , 0.0956448 , 2 , 7 , 1 , 1 , 
MDP , 3 , 1 , 0.2 , 0.2 , 10 , 2 , 10000 , 1 , 0.191489 , 1 , 3 , 1 , 1 , 
MDP , 3 , 1 , 0.2 , 0.2 , 10 , 2 , 10000 , 1 , 0.733407 , 2 , 1 , 1 , 1 , 
MDP , 3 , 1 , 0.2 , 0.2 , 10 , 2 , 10000 , 1 , 0.0701264 , 1 , 5 , 1 , 1 , 
MDP , 3 , 1 , 0.2 , 0.2 , 10 , 2 , 10000 , 1 , 0.875541 , 3 , 1 , 1 , 1 , 
MDP , 3 , 1 , 0.2 , 0.2 , 10 , 2 , 10000 , 1 , 0.189584 , 1 , 3 , 1 , 1 , 
MDP , 3 , 1 , 0.2 , 0.2 , 10 , 2 , 10000 , 1 , 0.293478 , 1 , 2 , 1 , 1 , 
MDP , 3 , 1 , 0.2 , 0.2 , 10 , 2 , 10000 , 1 , 0.876587 , 3 , 1 , 1 , 1 , 
MDP , 3 , 1 , 0.2 , 0.2 , 10 , 2 , 10000 , 1 , 0.11474 , 1 , 4 , 1 , 1 , 
MDP , 3 , 1 , 0.2 , 0.2 , 10 , 2 , 10000 , 1 , 0.131868 , 1 , 3 , 1 , 1 , 
MDP , 3 , 1 , 0.2 , 0.2 , 10 , 2 , 10000 , 1 , 0.192136 , 1 , 3 , 1 , 1 , 
MDP , 3 , 1 , 0.2 , 0.2 , 10 , 2 , 10000 , 1 , 0.307939 , 2 , 4 , 1 , 1 , 
MDP , 3 , 1 , 0.2 , 0.2 , 10 , 2 , 10000 , 1 , 0.305795 , 1 , 2 , 1 , 1 , 
MDP , 3 , 1 , 0.2 , 0.2 , 10 , 2 , 10000 , 1 , 0.0309278 , 1 , 4 , 1 , 1 , 
MDP , 3 , 1 , 0.2 , 0.2 , 10 , 2 , 10000 , 1 , 0.595013 , 2 , 2 , 1 , 1 , 
MDP , 3 , 1 , 0.2 , 0.2 , 10 , 2 , 10000 , 1 , 0.116053 , 1 , 4 , 1 , 1 , 
MDP , 3 , 1 , 0.2 , 0.2 , 10 , 2 , 10000 , 1 , 0.193559 , 1 , 3 , 1 , 1 , 
MDP , 3 , 1 , 0.2 , 0.2 , 10 , 2 , 10000 , 1 , 0.185902 , 1 , 3 , 1 , 1 , 
MDP , 3 , 1 , 0.2 , 0.2 , 10 , 2 , 10000 , 1 , 0.446014 , 2 , 3 , 1 , 1 , 
MDP , 3 , 1 , 0.2 , 0.2 , 10 , 2 , 10000 , 1 , 0.612903 , 2 , 2 , 1 , 1 , 
MDP , 3 , 1 , 0.2 , 0.2 , 10 , 2 , 10000 , 1 , 0.715789 , 2 , 1 , 1 , 1 , 
MDP , 3 , 1 , 0.2 , 0.2 , 10 , 2 , 10000 , 1 , 0.0676863 , 1 , 5 , 1 , 1 , 
MDP , 3 , 1 , 0.2 , 0.2 , 10 , 2 , 10000 , 1 , 0.819826 , 4 , 3 , 1 , 1 , 
MDP , 3 , 1 , 0.2 , 0.2 , 10 , 2 , 10000 , 1 , 0.07 , 1 , 6 , 1 , 1 , 
MDP , 3 , 1 , 0.2 , 0.2 , 10 , 2 , 10000 , 1 , 0.885477 , 4 , 2 , 1 , 1 , 
MDP , 3 , 1 , 0.2 , 0.2 , 10 , 2 , 10000 , 1 , 0.582418 , 2 , 2 , 1 , 1 , 
MDP , 3 , 1 , 0.2 , 0.2 , 10 , 2 , 10000 , 1 , 0.297872 , 1 , 2 , 1 , 1 , 
MDP , 3 , 1 , 0.2 , 0.2 , 10 , 2 , 10000 , 1 , 0.425287 , 3 , 5 , 1 , 1 , 
MDP , 3 , 1 , 0.2 , 0.2 , 10 , 2 , 10000 , 1 , 0.361702 , 1 , 2 , 1 , 1 , 
MDP , 3 , 1 , 0.2 , 0.2 , 10 , 2 , 10000 , 1 , 0.198792 , 1 , 3 , 1 , 1 , 
MDP , 3 , 1 , 0.2 , 0.2 , 10 , 2 , 10000 , 1 , 0.18702 , 1 , 3 , 1 , 1 , 
MDP , 3 , 1 , 0.2 , 0.2 , 10 , 2 , 10000 , 1 , 0.304348 , 1 , 2 , 1 , 1 , 
MDP , 3 , 1 , 0.2 , 0.2 , 10 , 2 , 10000 , 1 , 0.43959 , 2 , 3 , 1 , 1 , 
MDP , 3 , 1 , 0.2 , 0.2 , 10 , 2 , 10000 , 1 , 0.634409 , 2 , 2 , 1 , 1 , 
MDP , 3 , 1 , 0.2 , 0.2 , 10 , 2 , 10000 , 1 , 0.168421 , 1 , 3 , 1 , 1 , 
MDP , 3 , 1 , 0.2 , 0.2 , 10 , 2 , 10000 , 1 , 0.307592 , 1 , 2 , 1 , 1 , 
MDP , 3 , 1 , 0.2 , 0.2 , 10 , 2 , 10000 , 1 , 0.775276 , 3 , 2 , 1 , 1 , 
MDP , 3 , 1 , 0.2 , 0.2 , 10 , 2 , 10000 , 1 , 0.189529 , 1 , 3 , 1 , 1 , 
MDP , 3 , 1 , 0.2 , 0.2 , 10 , 2 , 10000 , 1 , 0.322222 , 1 , 3 , 1 , 1 , 
MDP , 3 , 1 , 0.2 , 0.2 , 10 , 2 , 10000 , 1 , 0.142765 , 2 , 6 , 1 , 1 , 
MDP , 3 , 1 , 0.2 , 0.2 , 10 , 2 , 10000 , 1 , 0.0681912 , 1 , 5 , 1 , 1 , 
MDP , 3 , 1 , 0.2 , 0.2 , 10 , 2 , 10000 , 1 , 0.118104 , 1 , 4 , 1 , 1 , 
MDP , 3 , 1 , 0.2 , 0.2 , 10 , 2 , 10000 , 1 , 0.287234 , 1 , 3 , 1 , 1 , 
MDP , 3 , 1 , 0.2 , 0.2 , 10 , 2 , 10000 , 1 , 0.320402 , 2 , 4 , 1 , 1 , 
MDP , 3 , 1 , 0.2 , 0.2 , 10 , 2 , 10000 , 1 , 0.293478 , 1 , 2 , 1 , 1 , 
MDP , 3 , 1 , 0.2 , 0.2 , 10 , 2 , 10000 , 1 , 0.417582 , 1 , 1 , 1 , 1 , 
MDP , 3 , 1 , 0.2 , 0.2 , 10 , 2 , 10000 , 1 , 0.0246976 , 1 , 7 , 1 , 1 , 
MDP , 3 , 1 , 0.2 , 0.2 , 10 , 2 , 10000 , 1 , 0.194362 , 1 , 3 , 1 , 1 , 
MDP , 3 , 1 , 0.2 , 0.2 , 10 , 2 , 10000 , 1 , 0.193823 , 1 , 3 , 1 , 1 , 
MDP , 3 , 1 , 0.2 , 0.2 , 10 , 2 , 10000 , 1 , 0.316774 , 1 , 2 , 1 , 1 , 
MDP , 3 , 1 , 0.2 , 0.2 , 10 , 2 , 10000 , 1 , 0.247191 , 1 , 2 , 1 , 1 , 
MDP , 3 , 1 , 0.2 , 0.2 , 10 , 2 , 10000 , 1 , 0.302975 , 1 , 2 , 1 , 1 , 
MDP , 3 , 1 , 0.2 , 0.2 , 10 , 2 , 10000 , 1 , 0.776119 , 3 , 2 , 1 , 1 , 
MDP , 3 , 1 , 0.2 , 0.2 , 10 , 2 , 10000 , 1 , 0.484211 , 2 , 3 , 1 , 1 , 
MDP , 3 , 1 , 0.2 , 0.2 , 10 , 2 , 10000 , 1 , 0.319588 , 1 , 2 , 1 , 1 , 
MDP , 3 , 1 , 0.2 , 0.2 , 10 , 2 , 10000 , 1 , 0.561798 , 1 , 1 , 1 , 1 , 
MDP , 3 , 1 , 0.2 , 0.2 , 10 , 2 , 10000 , 1 , 0.198335 , 1 , 3 , 1 , 1 , 
MDP , 3 , 1 , 0.2 , 0.2 , 10 , 2 , 10000 , 1 , 0.784015 , 3 , 2 , 1 , 1 , 
MDP , 3 , 1 , 0.2 , 0.2 , 10 , 2 , 10000 , 1 , 0.587968 , 2 , 2 , 1 , 1 , 
MDP , 3 , 1 , 0.2 , 0.2 , 10 , 2 , 10000 , 1 , 0.309288 , 1 , 2 , 1 , 1 , 
MDP , 3 , 1 , 0.2 , 0.2 , 10 , 2 , 10000 , 1 , 0.187368 , 1 , 3 , 1 , 1 , 
MDP , 3 , 1 , 0.2 , 0.2 , 10 , 2 , 10000 , 1 , 0.066219 , 1 , 5 , 1 , 1 , 
MDP , 3 , 1 , 0.2 , 0.2 , 10 , 2 , 10000 , 1 , 0.0391715 , 1 , 6 , 1 , 1 , 
MDP , 3 , 1 , 0.2 , 0.2 , 10 , 2 , 10000 , 1 , 0.230769 , 1 , 3 , 1 , 1 , 
MDP , 3 , 1 , 0.2 , 0.2 , 10 , 2 , 10000 , 1 , 0.164835 , 2 , 5 , 1 , 1 , 
MDP , 3 , 1 , 0.2 , 0.2 , 10 , 2 , 10000 , 1 , 0.44509 , 2 , 3 , 1 , 1 , 
MDP , 3 , 1 , 0.2 , 0.2 , 10 , 2 , 10000 , 1 , 0.188003 , 1 , 3 , 1 , 1 , 
MDP , 3 , 1 , 0.2 , 0.2 , 10 , 2 , 10000 , 1 , 0.65625 , 2 , 2 , 1 , 1 , 
MDP , 3 , 1 , 0.2 , 0.2 , 10 , 2 , 10000 , 1 , 0.459407 , 1 , 1 , 1 , 1 , 
MDP , 3 , 1 , 0.2 , 0.2 , 10 , 2 , 10000 , 1 , 0.613636 , 2 , 2 , 1 , 1 , 
MDP , 3 , 1 , 0.2 , 0.2 , 10 , 2 , 10000 , 1 , 0.217845 , 2 , 5 , 1 , 1 , 
MDP , 3 , 1 , 0.2 , 0.2 , 10 , 2 , 10000 , 1 , 0.444172 , 2 , 3 , 1 , 1 , 
MDP , 3 , 1 , 0.2 , 0.2 , 10 , 2 , 10000 , 1 , 0.192579 , 1 , 3 , 1 , 1 , 
MDP , 3 , 1 , 0.2 , 0.2 , 10 , 2 , 10000 , 1 , 0.117021 , 1 , 4 , 1 , 1 , 
MDP , 3 , 1 , 0.2 , 0.2 , 10 , 2 , 10000 , 1 , 0.885328 , 4 , 2 , 1 , 1 , 
MDP , 3 , 1 , 0.2 , 0.2 , 10 , 2 , 10000 , 1 , 0.193191 , 1 , 3 , 1 , 1 , 
MDP , 3 , 1 , 0.2 , 0.2 , 10 , 2 , 10000 , 1 , 0.356322 , 1 , 2 , 1 , 1 , 
MDP , 3 , 1 , 0.2 , 0.2 , 10 , 2 , 10000 , 1 , 0.677843 , 3 , 3 , 1 , 1 , 
MDP , 3 , 1 , 0.25 , 0.25 , 10 , 2 , 10000 , 1 , 0.967339 , 5 , 1 , 1 , 1 , 
MDP , 3 , 1 , 0.25 , 0.25 , 10 , 2 , 10000 , 1 , 0.129032 , 1 , 4 , 1 , 1 , 
MDP , 3 , 1 , 0.25 , 0.25 , 10 , 2 , 10000 , 1 , 0.474916 , 1 , 1 , 1 , 1 , 
MDP , 3 , 1 , 0.25 , 0.25 , 10 , 2 , 10000 , 1 , 0.213731 , 3 , 7 , 1 , 1 , 
MDP , 3 , 1 , 0.25 , 0.25 , 10 , 2 , 10000 , 1 , 0.868552 , 3 , 1 , 1 , 1 , 
MDP , 3 , 1 , 0.25 , 0.25 , 10 , 2 , 10000 , 1 , 0.102041 , 1 , 4 , 1 , 1 , 
MDP , 3 , 1 , 0.25 , 0.25 , 10 , 2 , 10000 , 1 , 0.447275 , 2 , 3 , 1 , 1 , 
MDP , 3 , 1 , 0.25 , 0.25 , 10 , 2 , 10000 , 1 , 0.147368 , 1 , 4 , 1 , 1 , 
MDP , 3 , 1 , 0.25 , 0.25 , 10 , 2 , 10000 , 1 , 0.83871 , 3 , 2 , 1 , 1 , 
MDP , 3 , 1 , 0.25 , 0.25 , 10 , 2 , 10000 , 1 , 0.444296 , 2 , 3 , 1 , 1 , 
MDP , 3 , 1 , 0.25 , 0.25 , 10 , 2 , 10000 , 1 , 0.308649 , 1 , 2 , 1 , 1 , 
MDP , 3 , 1 , 0.25 , 0.25 , 10 , 2 , 10000 , 1 , 0.305798 , 1 , 2 , 1 , 1 , 
MDP , 3 , 1 , 0.25 , 0.25 , 10 , 2 , 10000 , 1 , 0.640449 , 2 , 2 , 1 , 1 , 
MDP , 3 , 1 , 0.25 , 0.25 , 10 , 2 , 10000 , 1 , 0.587875 , 2 , 2 , 1 , 1 , 
MDP , 3 , 1 , 0.25 , 0.25 , 10 , 2 , 10000 , 1 , 0.470588 , 2 , 3 , 1 , 1 , 
MDP , 3 , 1 , 0.25 , 0.25 , 10 , 2 , 10000 , 1 , 0.872988 , 3 , 1 , 1 , 1 , 
MDP , 3 , 1 , 0.25 , 0.25 , 10 , 2 , 10000 , 1 , 0.2 , 2 , 5 , 1 , 1 , 
MDP , 3 , 1 , 0.25 , 0.25 , 10 , 2 , 10000 , 1 , 0.318211 , 1 , 2 , 1 , 1 , 
MDP , 3 , 1 , 0.25 , 0.25 , 10 , 2 , 10000 , 1 , 0.449833 , 2 , 3 , 1 , 1 , 
MDP , 3 , 1 , 0.25 , 0.25 , 10 , 2 , 10000 , 1 , 0.307667 , 1 , 2 , 1 , 1 , 
MDP , 3 , 1 , 0.25 , 0.25 , 10 , 2 , 10000 , 1 , 0.112577 , 1 , 4 , 1 , 1 , 
MDP , 3 , 1 , 0.25 , 0.25 , 10 , 2 , 10000 , 1 , 0.481723 , 4 , 6 , 1 , 1 , 
MDP , 3 , 1 , 0.25 , 0.25 , 10 , 2 , 10000 , 1 , 0.117776 , 1 , 4 , 1 , 1 , 
MDP , 3 , 1 , 0.25 , 0.25 , 10 , 2 , 10000 , 1 , 0.116921 , 1 , 4 , 1 , 1 , 
MDP , 3 , 1 , 0.25 , 0.25 , 10 , 2 , 10000 , 1 , 0.66584 , 3 , 3 , 1 , 1 , 
MDP , 3 , 1 , 0.25 , 0.25 , 10 , 2 , 10000 , 1 , 0.309118 , 1 , 2 , 1 , 1 , 
MDP , 3 , 1 , 0.25 , 0.25 , 10 , 2 , 10000 , 1 , 0.810756 , 4 , 3 , 1 , 1 , 
MDP , 3 , 1 , 0.25 , 0.25 , 10 , 2 , 10000 , 1 , 0.115316 , 1 , 4 , 1 , 1 , 
MDP , 3 , 1 , 0.25 , 0.25 , 10 , 2 , 10000 , 1 , 0.870968 , 3 , 1 , 1 , 1 , 
MDP , 3 , 1 , 0.25 , 0.25 , 10 , 2 , 10000 , 1 , 0.192009 , 1 , 3 , 1 , 1 , 
MDP , 3 , 1 , 0.25 , 0.25 , 10 , 2 , 10000 , 1 , 0.876404 , 3 , 1 , 1 , 1 , 
MDP , 3 , 1 , 0.25 , 0.25 , 10 , 2 , 10000 , 1 , 0.603153 , 2 , 2 , 1 , 1 , 
MDP , 3 , 1 , 0.25 , 0.25 , 10 , 2 , 10000 , 1 , 0.187341 , 1 , 3 , 1 , 1 , 
MDP , 3 , 1 , 0.25 , 0.25 , 10 , 2 , 10000 , 1 , 0.86759 , 3 , 1 , 1 , 1 , 
MDP , 3 , 1 , 0.25 , 0.25 , 10 , 2 , 10000 , 1 , 0.0664734 , 1 , 5 , 1 , 1 , 
MDP , 3 , 1 , 0.25 , 0.25 , 10 , 2 , 10000 , 1 , 0.112292 , 1 , 4 , 1 , 1 , 
MDP , 3 , 1 , 0.25 , 0.25 , 10 , 2 , 10000 , 1 , 0.362637 , 2 , 4 , 1 , 1 , 
MDP , 3 , 1 , 0.25 , 0.25 , 10 , 2 , 10000 , 1 , 0.0689262 , 1 , 5 , 1 , 1 , 
MDP , 3 , 1 , 0.25 , 0.25 , 10 , 2 , 10000 , 1 , 0.0371694 , 1 , 6 , 1 , 1 , 
MDP , 3 , 1 , 0.25 , 0.25 , 10 , 2 , 10000 , 1 , 0.527473 , 2 , 3 , 1 , 1 , 
MDP , 3 , 1 , 0.25 , 0.25 , 10 , 2 , 10000 , 1 , 0.663169 , 3 , 3 , 1 , 1 , 
MDP , 3 , 1 , 0.25 , 0.25 , 10 , 2 , 10000 , 1 , 0.202128 , 1 , 3 , 1 , 1 , 
MDP , 3 , 1 , 0.25 , 0.25 , 10 , 2 , 10000 , 1 , 0.464351 , 1 , 1 , 1 , 1 , 
MDP , 3 , 1 , 0.25 , 0.25 , 10 , 2 , 10000 , 1 , 0.672851 , 3 , 3 , 1 , 1 , 
MDP , 3 , 1 , 0.25 , 0.25 , 10 , 2 , 10000 , 1 , 0.305263 , 2 , 4 , 1 , 1 , 
MDP , 3 , 1 , 0.25 , 0.25 , 10 , 2 , 10000 , 1 , 0.603475 , 2 , 2 , 1 , 1 , 
MDP , 3 , 1 , 0.25 , 0.25 , 10 , 2 , 10000 , 1 , 0.314283 , 1 , 2 , 1 , 1 , 
MDP , 3 , 1 , 0.25 , 0.25 , 10 , 2 , 10000 , 1 , 0.297872 , 1 , 2 , 1 , 1 , 
MDP , 3 , 1 , 0.25 , 0.25 , 10 , 2 , 10000 , 1 , 0.735632 , 2 , 1 , 1 , 1 , 
MDP , 3 , 1 , 0.25 , 0.25 , 10 , 2 , 10000 , 1 , 0.670455 , 2 , 2 , 1 , 1 , 
MDP , 3 , 1 , 0.25 , 0.25 , 10 , 2 , 10000 , 1 , 0.189611 , 1 , 3 , 1 , 1 , 
MDP , 3 , 1 , 0.25 , 0.25 , 10 , 2 , 10000 , 1 , 0.310062 , 1 , 2 , 1 , 1 , 
MDP , 3 , 1 , 0.25 , 0.25 , 10 , 2 , 10000 , 1 , 0.414894 , 2 , 4 , 1 , 1 , 
MDP , 3 , 1 , 0.25 , 0.25 , 10 , 2 , 10000 , 1 , 0.218835 , 2 , 5 , 1 , 1 , 
MDP , 3 , 1 , 0.25 , 0.25 , 10 , 2 , 10000 , 1 , 0.191489 , 1 , 3 , 1 , 1 , 
MDP , 3 , 1 , 0.25 , 0.25 , 10 , 2 , 10000 , 1 , 0.193734 , 1 , 3 , 1 , 1 , 
MDP , 3 , 1 , 0.25 , 0.25 , 10 , 2 , 10000 , 1 , 0.309395 , 2 , 4 , 1 , 1 , 
MDP , 3 , 1 , 0.25 , 0.25 , 10 , 2 , 10000 , 1 , 0.478261 , 2 , 2 , 1 , 1 , 
MDP , 3 , 1 , 0.25 , 0.25 , 10 , 2 , 10000 , 1 , 0.723404 , 2 , 1 , 1 , 1 , 
MDP , 3 , 1 , 0.25 , 0.25 , 10 , 2 , 10000 , 1 , 0.590416 , 2 , 2 , 1 , 1 , 
MDP , 3 , 1 , 0.25 , 0.25 , 10 , 2 , 10000 , 1 , 0.213547 , 2 , 5 , 1 , 1 , 
MDP , 3 , 1 , 0.25 , 0.25 , 10 , 2 , 10000 , 1 , 0.579545 , 2 , 2 , 1 , 1 , 
MDP , 3 , 1 , 0.25 , 0.25 , 10 , 2 , 10000 , 1 , 0.732382 , 2 , 1 , 1 , 1 , 
MDP , 3 , 1 , 0.25 , 0.25 , 10 , 2 , 10000 , 1 , 0.0210526 , 1 , 6 , 1 , 1 , 
MDP , 3 , 1 , 0.25 , 0.25 , 10 , 2 , 10000 , 1 , 0.115985 , 1 , 4 , 1 , 1 , 
MDP , 3 , 1 , 0.25 , 0.25 , 10 , 2 , 10000 , 1 , 0.202247 , 2 , 4 , 1 , 1 , 
MDP , 3 , 1 , 0.25 , 0.25 , 10 , 2 , 10000 , 1 , 0.115789 , 1 , 4 , 1 , 1 , 
MDP , 3 , 1 , 0.25 , 0.25 , 10 , 2 , 10000 , 1 , 0.114331 , 1 , 4 , 1 , 1 , 
MDP , 3 , 1 , 0.25 , 0.25 , 10 , 2 , 10000 , 1 , 0.115522 , 1 , 4 , 1 , 1 , 
MDP , 3 , 1 , 0.25 , 0.25 , 10 , 2 , 10000 , 1 , 0.528736 , 2 , 3 , 1 , 1 , 
MDP , 3 , 1 , 0.25 , 0.25 , 10 , 2 , 10000 , 1 , 0.587751 , 2 , 2 , 1 , 1 , 
MDP , 3 , 1 , 0.25 , 0.25 , 10 , 2 , 10000 , 1 , 0.407712 , 3 , 5 , 1 , 1 , 
MDP , 3 , 1 , 0.25 , 0.25 , 10 , 2 , 10000 , 1 , 0.536052 , 3 , 4 , 1 , 1 , 
MDP , 3 , 1 , 0.25 , 0.25 , 10 , 2 , 10000 , 1 , 0.110796 , 1 , 4 , 1 , 1 , 
MDP , 3 , 1 , 0.25 , 0.25 , 10 , 2 , 10000 , 1 , 0.313953 , 2 , 4 , 1 , 1 , 
MDP , 3 , 1 , 0.25 , 0.25 , 10 , 2 , 10000 , 1 , 0.319097 , 2 , 4 , 1 , 1 , 
MDP , 3 , 1 , 0.25 , 0.25 , 10 , 2 , 10000 , 1 , 0.203666 , 1 , 3 , 1 , 1 , 
MDP , 3 , 1 , 0.25 , 0.25 , 10 , 2 , 10000 , 1 , 0.319431 , 2 , 4 , 1 , 1 , 
MDP , 3 , 1 , 0.25 , 0.25 , 10 , 2 , 10000 , 1 , 0.539818 , 3 , 4 , 1 , 1 , 
MDP , 3 , 1 , 0.25 , 0.25 , 10 , 2 , 10000 , 1 , 0.588945 , 2 , 2 , 1 , 1 , 
MDP , 3 , 1 , 0.25 , 0.25 , 10 , 2 , 10000 , 1 , 0.317401 , 2 , 4 , 1 , 1 , 
MDP , 3 , 1 , 0.25 , 0.25 , 10 , 2 , 10000 , 1 , 0.597701 , 2 , 2 , 1 , 1 , 
MDP , 3 , 1 , 0.25 , 0.25 , 10 , 2 , 10000 , 1 , 0.595328 , 2 , 2 , 1 , 1 , 
MDP , 3 , 1 , 0.25 , 0.25 , 10 , 2 , 10000 , 1 , 0.873072 , 3 , 1 , 1 , 1 , 
MDP , 3 , 1 , 0.25 , 0.25 , 10 , 2 , 10000 , 1 , 0.166667 , 1 , 3 , 1 , 1 , 
MDP , 3 , 1 , 0.25 , 0.25 , 10 , 2 , 10000 , 1 , 0.191266 , 1 , 3 , 1 , 1 , 
MDP , 3 , 1 , 0.25 , 0.25 , 10 , 2 , 10000 , 1 , 0.865058 , 3 , 1 , 1 , 1 , 
MDP , 3 , 1 , 0.25 , 0.25 , 10 , 2 , 10000 , 1 , 0.215194 , 2 , 5 , 1 , 1 , 
MDP , 3 , 1 , 0.25 , 0.25 , 10 , 2 , 10000 , 1 , 0.779367 , 3 , 2 , 1 , 1 , 
MDP , 3 , 1 , 0.25 , 0.25 , 10 , 2 , 10000 , 1 , 0.837325 , 5 , 4 , 1 , 1 , 
MDP , 3 , 1 , 0.25 , 0.25 , 10 , 2 , 10000 , 1 , 0.311595 , 1 , 2 , 1 , 1 , 
MDP , 3 , 1 , 0.25 , 0.25 , 10 , 2 , 10000 , 1 , 0.333333 , 1 , 2 , 1 , 1 , 
MDP , 3 , 1 , 0.25 , 0.25 , 10 , 2 , 10000 , 1 , 0.117228 , 1 , 4 , 1 , 1 , 
MDP , 3 , 1 , 0.25 , 0.25 , 10 , 2 , 10000 , 1 , 0.25 , 1 , 2 , 1 , 1 , 
MDP , 3 , 1 , 0.25 , 0.25 , 10 , 2 , 10000 , 1 , 0.305394 , 1 , 2 , 1 , 1 , 
MDP , 3 , 1 , 0.25 , 0.25 , 10 , 2 , 10000 , 1 , 0.66546 , 3 , 3 , 1 , 1 , 
MDP , 3 , 1 , 0.25 , 0.25 , 10 , 2 , 10000 , 1 , 0.11061 , 1 , 4 , 1 , 1 , 
MDP , 3 , 1 , 0.25 , 0.25 , 10 , 2 , 10000 , 1 , 0.357895 , 1 , 2 , 1 , 1 , 
MDP , 3 , 1 , 0.25 , 0.25 , 10 , 2 , 10000 , 1 , 0.783505 , 3 , 2 , 1 , 1 , 
MDP , 3 , 1 , 0.25 , 0.25 , 10 , 2 , 10000 , 1 , 0.446911 , 2 , 3 , 1 , 1 , 
MDP , 3 , 1 , 0.3 , 0.3 , 10 , 2 , 10000 , 1 , 0.967339 , 5 , 1 , 1 , 1 , 
MDP , 3 , 1 , 0.3 , 0.3 , 10 , 2 , 10000 , 1 , 0.129032 , 1 , 4 , 1 , 1 , 
MDP , 3 , 1 , 0.3 , 0.3 , 10 , 2 , 10000 , 1 , 0.474916 , 1 , 1 , 1 , 1 , 
MDP , 3 , 1 , 0.3 , 0.3 , 10 , 2 , 10000 , 1 , 0.213731 , 3 , 7 , 1 , 1 , 
MDP , 3 , 1 , 0.3 , 0.3 , 10 , 2 , 10000 , 1 , 0.868552 , 3 , 1 , 1 , 1 , 
MDP , 3 , 1 , 0.3 , 0.3 , 10 , 2 , 10000 , 1 , 0.102041 , 1 , 4 , 1 , 1 , 
MDP , 3 , 1 , 0.3 , 0.3 , 10 , 2 , 10000 , 1 , 0.447275 , 2 , 3 , 1 , 1 , 
MDP , 3 , 1 , 0.3 , 0.3 , 10 , 2 , 10000 , 1 , 0.147368 , 1 , 4 , 1 , 1 , 
MDP , 3 , 1 , 0.3 , 0.3 , 10 , 2 , 10000 , 1 , 0.83871 , 3 , 2 , 1 , 1 , 
MDP , 3 , 1 , 0.3 , 0.3 , 10 , 2 , 10000 , 1 , 0.444296 , 2 , 3 , 1 , 1 , 
MDP , 3 , 1 , 0.3 , 0.3 , 10 , 2 , 10000 , 1 , 0.308649 , 1 , 2 , 1 , 1 , 
MDP , 3 , 1 , 0.3 , 0.3 , 10 , 2 , 10000 , 1 , 0.305798 , 1 , 2 , 1 , 1 , 
MDP , 3 , 1 , 0.3 , 0.3 , 10 , 2 , 10000 , 1 , 0.640449 , 2 , 2 , 1 , 1 , 
MDP , 3 , 1 , 0.3 , 0.3 , 10 , 2 , 10000 , 1 , 0.587875 , 2 , 2 , 1 , 1 , 
MDP , 3 , 1 , 0.3 , 0.3 , 10 , 2 , 10000 , 1 , 0.470588 , 2 , 3 , 1 , 1 , 
MDP , 3 , 1 , 0.3 , 0.3 , 10 , 2 , 10000 , 1 , 0.872988 , 3 , 1 , 1 , 1 , 
MDP , 3 , 1 , 0.3 , 0.3 , 10 , 2 , 10000 , 1 , 0.2 , 2 , 5 , 1 , 1 , 
MDP , 3 , 1 , 0.3 , 0.3 , 10 , 2 , 10000 , 1 , 0.73234 , 2 , 1 , 1 , 1 , 
MDP , 3 , 1 , 0.3 , 0.3 , 10 , 2 , 10000 , 1 , 0.0860215 , 1 , 4 , 1 , 1 , 
MDP , 3 , 1 , 0.3 , 0.3 , 10 , 2 , 10000 , 1 , 0.523256 , 2 , 2 , 1 , 1 , 
MDP , 3 , 1 , 0.3 , 0.3 , 10 , 2 , 10000 , 1 , 0.446446 , 2 , 3 , 1 , 1 , 
MDP , 3 , 1 , 0.3 , 0.3 , 10 , 2 , 10000 , 1 , 0.0659715 , 1 , 5 , 1 , 1 , 
MDP , 3 , 1 , 0.3 , 0.3 , 10 , 2 , 10000 , 1 , 0.59349 , 2 , 2 , 1 , 1 , 
MDP , 3 , 1 , 0.3 , 0.3 , 10 , 2 , 10000 , 1 , 0.0403813 , 1 , 6 , 1 , 1 , 
MDP , 3 , 1 , 0.3 , 0.3 , 10 , 2 , 10000 , 1 , 0.310561 , 1 , 2 , 1 , 1 , 
MDP , 3 , 1 , 0.3 , 0.3 , 10 , 2 , 10000 , 1 , 0.0526316 , 1 , 5 , 1 , 1 , 
MDP , 3 , 1 , 0.3 , 0.3 , 10 , 2 , 10000 , 1 , 0.0418676 , 1 , 6 , 1 , 1 , 
MDP , 3 , 1 , 0.3 , 0.3 , 10 , 2 , 10000 , 1 , 0.0701191 , 1 , 5 , 1 , 1 , 
MDP , 3 , 1 , 0.3 , 0.3 , 10 , 2 , 10000 , 1 , 0.769231 , 2 , 1 , 1 , 1 , 
MDP , 3 , 1 , 0.3 , 0.3 , 10 , 2 , 10000 , 1 , 0.470029 , 1 , 1 , 1 , 1 , 
MDP , 3 , 1 , 0.3 , 0.3 , 10 , 2 , 10000 , 1 , 0.198187 , 1 , 3 , 1 , 1 , 
MDP , 3 , 1 , 0.3 , 0.3 , 10 , 2 , 10000 , 1 , 0.593023 , 2 , 2 , 1 , 1 , 
MDP , 3 , 1 , 0.3 , 0.3 , 10 , 2 , 10000 , 1 , 0.309972 , 1 , 2 , 1 , 1 , 
MDP , 3 , 1 , 0.3 , 0.3 , 10 , 2 , 10000 , 1 , 0.0694574 , 1 , 5 , 1 , 1 , 
MDP , 3 , 1 , 0.3 , 0.3 , 10 , 2 , 10000 , 1 , 0.445776 , 2 , 3 , 1 , 1 , 
MDP , 3 , 1 , 0.3 , 0.3 , 10 , 2 , 10000 , 1 , 0.397727 , 1 , 2 , 1 , 1 , 
MDP , 3 , 1 , 0.3 , 0.3 , 10 , 2 , 10000 , 1 , 0.476744 , 2 , 3 , 1 , 1 , 
MDP , 3 , 1 , 0.3 , 0.3 , 10 , 2 , 10000 , 1 , 0.602273 , 2 , 2 , 1 , 1 , 
MDP , 3 , 1 , 0.3 , 0.3 , 10 , 2 , 10000 , 1 , 0.661741 , 3 , 3 , 1 , 1 , 
MDP , 3 , 1 , 0.3 , 0.3 , 10 , 2 , 10000 , 1 , 0.306122 , 1 , 2 , 1 , 1 , 
MDP , 3 , 1 , 0.3 , 0.3 , 10 , 2 , 10000 , 1 , 0.533974 , 3 , 4 , 1 , 1 , 
MDP , 3 , 1 , 0.3 , 0.3 , 10 , 2 , 10000 , 1 , 0.443484 , 2 , 3 , 1 , 1 , 
MDP , 3 , 1 , 0.3 , 0.3 , 10 , 2 , 10000 , 1 , 0.595877 , 2 , 2 , 1 , 1 , 
MDP , 3 , 1 , 0.3 , 0.3 , 10 , 2 , 10000 , 1 , 0.309028 , 1 , 2 , 1 , 1 , 
MDP , 3 , 1 , 0.3 , 0.3 , 10 , 2 , 10000 , 1 , 0.19433 , 1 , 3 , 1 , 1 , 
MDP , 3 , 1 , 0.3 , 0.3 , 10 , 2 , 10000 , 1 , 0.802198 , 3 , 2 , 1 , 1 , 
MDP , 3 , 1 , 0.3 , 0.3 , 10 , 2 , 10000 , 1 , 0.609195 , 3 , 3 , 1 , 1 , 
MDP , 3 , 1 , 0.3 , 0.3 , 10 , 2 , 10000 , 1 , 0.306396 , 1 , 2 , 1 , 1 , 
MDP , 3 , 1 , 0.3 , 0.3 , 10 , 2 , 10000 , 1 , 0.117518 , 1 , 4 , 1 , 1 , 
MDP , 3 , 1 , 0.3 , 0.3 , 10 , 2 , 10000 , 1 , 0.821075 , 4 , 3 , 1 , 1 , 
MDP , 3 , 1 , 0.3 , 0.3 , 10 , 2 , 10000 , 1 , 0.191644 , 1 , 3 , 1 , 1 , 
MDP , 3 , 1 , 0.3 , 0.3 , 10 , 2 , 10000 , 1 , 0.592894 , 2 , 2 , 1 , 1 , 
MDP , 3 , 1 , 0.3 , 0.3 , 10 , 2 , 10000 , 1 , 0.306888 , 1 , 2 , 1 , 1 , 
MDP , 3 , 1 , 0.3 , 0.3 , 10 , 2 , 10000 , 1 , 0.594927 , 2 , 2 , 1 , 1 , 
MDP , 3 , 1 , 0.3 , 0.3 , 10 , 2 , 10000 , 1 , 0.307527 , 1 , 2 , 1 , 1 , 
MDP , 3 , 1 , 0.3 , 0.3 , 10 , 2 , 10000 , 1 , 0.111111 , 1 , 4 , 1 , 1 , 
MDP , 3 , 1 , 0.3 , 0.3 , 10 , 2 , 10000 , 1 , 0.244681 , 1 , 2 , 1 , 1 , 
MDP , 3 , 1 , 0.3 , 0.3 , 10 , 2 , 10000 , 1 , 0.591611 , 2 , 2 , 1 , 1 , 
MDP , 3 , 1 , 0.3 , 0.3 , 10 , 2 , 10000 , 1 , 0.316639 , 2 , 4 , 1 , 1 , 
MDP , 3 , 1 , 0.3 , 0.3 , 10 , 2 , 10000 , 1 , 0.467842 , 1 , 1 , 1 , 1 , 
MDP , 3 , 1 , 0.3 , 0.3 , 10 , 2 , 10000 , 1 , 0.442786 , 2 , 3 , 1 , 1 , 
MDP , 3 , 1 , 0.3 , 0.3 , 10 , 2 , 10000 , 1 , 0.467275 , 1 , 1 , 1 , 1 , 
MDP , 3 , 1 , 0.3 , 0.3 , 10 , 2 , 10000 , 1 , 0.579545 , 2 , 2 , 1 , 1 , 
MDP , 3 , 1 , 0.3 , 0.3 , 10 , 2 , 10000 , 1 , 0.450151 , 2 , 3 , 1 , 1 , 
MDP , 3 , 1 , 0.3 , 0.3 , 10 , 2 , 10000 , 1 , 0.806818 , 2 , 1 , 1 , 1 , 
MDP , 3 , 1 , 0.3 , 0.3 , 10 , 2 , 10000 , 1 , 0.0860215 , 1 , 4 , 1 , 1 , 
MDP , 3 , 1 , 0.3 , 0.3 , 10 , 2 , 10000 , 1 , 0.309323 , 1 , 2 , 1 , 1 , 
MDP , 3 , 1 , 0.3 , 0.3 , 10 , 2 , 10000 , 1 , 0.447975 , 2 , 3 , 1 , 1 , 
MDP , 3 , 1 , 0.3 , 0.3 , 10 , 2 , 10000 , 1 , 0.0808081 , 1 , 4 , 1 , 1 , 
MDP , 3 , 1 , 0.3 , 0.3 , 10 , 2 , 10000 , 1 , 0.5 , 2 , 2 , 1 , 1 , 
MDP , 3 , 1 , 0.3 , 0.3 , 10 , 2 , 10000 , 1 , 0.19393 , 1 , 3 , 1 , 1 , 
MDP , 3 , 1 , 0.3 , 0.3 , 10 , 2 , 10000 , 1 , 0.193274 , 1 , 3 , 1 , 1 , 
MDP , 3 , 1 , 0.3 , 0.3 , 10 , 2 , 10000 , 1 , 0.3034 , 1 , 2 , 1 , 1 , 
MDP , 3 , 1 , 0.3 , 0.3 , 10 , 2 , 10000 , 1 , 0.741289 , 2 , 1 , 1 , 1 , 
MDP , 3 , 1 , 0.3 , 0.3 , 10 , 2 , 10000 , 1 , 0.0695876 , 1 , 5 , 1 , 1 , 
MDP , 3 , 1 , 0.3 , 0.3 , 10 , 2 , 10000 , 1 , 0.139779 , 2 , 6 , 1 , 1 , 
MDP , 3 , 1 , 0.3 , 0.3 , 10 , 2 , 10000 , 1 , 0.752688 , 2 , 1 , 1 , 1 , 
MDP , 3 , 1 , 0.3 , 0.3 , 10 , 2 , 10000 , 1 , 0.154639 , 1 , 4 , 1 , 1 , 
MDP , 3 , 1 , 0.3 , 0.3 , 10 , 2 , 10000 , 1 , 0.307163 , 1 , 2 , 1 , 1 , 
MDP , 3 , 1 , 0.3 , 0.3 , 10 , 2 , 10000 , 1 , 0.309808 , 1 , 2 , 1 , 1 , 
MDP , 3 , 1 , 0.3 , 0.3 , 10 , 2 , 10000 , 1 , 0.592543 , 2 , 2 , 1 , 1 , 
MDP , 3 , 1 , 0.3 , 0.3 , 10 , 2 , 10000 , 1 , 0.317035 , 2 , 4 , 1 , 1 , 
MDP , 3 , 1 , 0.3 , 0.3 , 10 , 2 , 10000 , 1 , 0.268817 , 1 , 2 , 1 , 1 , 
MDP , 3 , 1 , 0.3 , 0.3 , 10 , 2 , 10000 , 1 , 0.592568 , 2 , 2 , 1 , 1 , 
MDP , 3 , 1 , 0.3 , 0.3 , 10 , 2 , 10000 , 1 , 0.318182 , 2 , 4 , 1 , 1 , 
MDP , 3 , 1 , 0.3 , 0.3 , 10 , 2 , 10000 , 1 , 0.520201 , 3 , 4 , 1 , 1 , 
MDP , 3 , 1 , 0.3 , 0.3 , 10 , 2 , 10000 , 1 , 0.303523 , 1 , 2 , 1 , 1 , 
MDP , 3 , 1 , 0.3 , 0.3 , 10 , 2 , 10000 , 1 , 0.305263 , 1 , 2 , 1 , 1 , 
MDP , 3 , 1 , 0.3 , 0.3 , 10 , 2 , 10000 , 1 , 0.8 , 3 , 2 , 1 , 1 , 
MDP , 3 , 1 , 0.3 , 0.3 , 10 , 2 , 10000 , 1 , 0.319099 , 1 , 2 , 1 , 1 , 
MDP , 3 , 1 , 0.3 , 0.3 , 10 , 2 , 10000 , 1 , 0.157895 , 1 , 3 , 1 , 1 , 
MDP , 3 , 1 , 0.3 , 0.3 , 10 , 2 , 10000 , 1 , 0.0383749 , 1 , 6 , 1 , 1 , 
MDP , 3 , 1 , 0.3 , 0.3 , 10 , 2 , 10000 , 1 , 0.590277 , 2 , 2 , 1 , 1 , 
MDP , 3 , 1 , 0.3 , 0.3 , 10 , 2 , 10000 , 1 , 0.276596 , 1 , 2 , 1 , 1 , 
MDP , 3 , 1 , 0.3 , 0.3 , 10 , 2 , 10000 , 1 , 0.115255 , 1 , 4 , 1 , 1 , 
MDP , 3 , 1 , 0.3 , 0.3 , 10 , 2 , 10000 , 1 , 0.6 , 2 , 2 , 1 , 1 , 
MDP , 3 , 1 , 0.3 , 0.3 , 10 , 2 , 10000 , 1 , 0.5 , 2 , 2 , 1 , 1 , 
MDP , 3 , 1 , 0.3 , 0.3 , 10 , 2 , 10000 , 1 , 0.255556 , 2 , 4 , 1 , 1 , 
MDP , 3 , 1 , 0.3 , 0.3 , 10 , 2 , 10000 , 1 , 0.312104 , 1 , 2 , 1 , 1 , 
MDP , 3 , 1 , 0.3 , 0.3 , 10 , 2 , 10000 , 1 , 0.494253 , 1 , 1 , 1 , 1 , 
MDP , 3 , 1 , 0.35 , 0.35 , 10 , 2 , 10000 , 1 , 0.967339 , 5 , 1 , 1 , 1 , 
MDP , 3 , 1 , 0.35 , 0.35 , 10 , 2 , 10000 , 1 , 0.129032 , 1 , 4 , 1 , 1 , 
MDP , 3 , 1 , 0.35 , 0.35 , 10 , 2 , 10000 , 1 , 0.474916 , 1 , 1 , 1 , 1 , 
MDP , 3 , 1 , 0.35 , 0.35 , 10 , 2 , 10000 , 1 , 0.480491 , 4 , 6 , 1 , 1 , 
MDP , 3 , 1 , 0.35 , 0.35 , 10 , 2 , 10000 , 1 , 0.868552 , 3 , 1 , 1 , 1 , 
MDP , 3 , 1 , 0.35 , 0.35 , 10 , 2 , 10000 , 1 , 0.745427 , 2 , 1 , 1 , 1 , 
MDP , 3 , 1 , 0.35 , 0.35 , 10 , 2 , 10000 , 1 , 0.924731 , 4 , 2 , 1 , 1 , 
MDP , 3 , 1 , 0.35 , 0.35 , 10 , 2 , 10000 , 1 , 0.112748 , 1 , 4 , 1 , 1 , 
MDP , 3 , 1 , 0.35 , 0.35 , 10 , 2 , 10000 , 1 , 0.210526 , 1 , 3 , 1 , 1 , 
MDP , 3 , 1 , 0.35 , 0.35 , 10 , 2 , 10000 , 1 , 0.31239 , 2 , 4 , 1 , 1 , 
MDP , 3 , 1 , 0.35 , 0.35 , 10 , 2 , 10000 , 1 , 0.191911 , 1 , 3 , 1 , 1 , 
MDP , 3 , 1 , 0.35 , 0.35 , 10 , 2 , 10000 , 1 , 0.319255 , 2 , 4 , 1 , 1 , 
MDP , 3 , 1 , 0.35 , 0.35 , 10 , 2 , 10000 , 1 , 0.851064 , 3 , 2 , 1 , 1 , 
MDP , 3 , 1 , 0.35 , 0.35 , 10 , 2 , 10000 , 1 , 0.113471 , 1 , 4 , 1 , 1 , 
MDP , 3 , 1 , 0.35 , 0.35 , 10 , 2 , 10000 , 1 , 0.291667 , 1 , 2 , 1 , 1 , 
MDP , 3 , 1 , 0.35 , 0.35 , 10 , 2 , 10000 , 1 , 0.979167 , 6 , 1 , 1 , 1 , 
MDP , 3 , 1 , 0.35 , 0.35 , 10 , 2 , 10000 , 1 , 0.66576 , 3 , 3 , 1 , 1 , 
MDP , 3 , 1 , 0.35 , 0.35 , 10 , 2 , 10000 , 1 , 0.25 , 1 , 3 , 1 , 1 , 
MDP , 3 , 1 , 0.35 , 0.35 , 10 , 2 , 10000 , 1 , 0.138298 , 1 , 3 , 1 , 1 , 
MDP , 3 , 1 , 0.35 , 0.35 , 10 , 2 , 10000 , 1 , 0.118344 , 1 , 4 , 1 , 1 , 
MDP , 3 , 1 , 0.35 , 0.35 , 10 , 2 , 10000 , 1 , 0.193651 , 1 , 3 , 1 , 1 , 
MDP , 3 , 1 , 0.35 , 0.35 , 10 , 2 , 10000 , 1 , 0.189221 , 1 , 3 , 1 , 1 , 
MDP , 3 , 1 , 0.35 , 0.35 , 10 , 2 , 10000 , 1 , 0.592362 , 2 , 2 , 1 , 1 , 
MDP , 3 , 1 , 0.35 , 0.35 , 10 , 2 , 10000 , 1 , 0.75 , 3 , 2 , 1 , 1 , 
MDP , 3 , 1 , 0.35 , 0.35 , 10 , 2 , 10000 , 1 , 0.114034 , 1 , 4 , 1 , 1 , 
MDP , 3 , 1 , 0.35 , 0.35 , 10 , 2 , 10000 , 1 , 0.196314 , 1 , 3 , 1 , 1 , 
MDP , 3 , 1 , 0.35 , 0.35 , 10 , 2 , 10000 , 1 , 0.467642 , 1 , 1 , 1 , 1 , 
MDP , 3 , 1 , 0.35 , 0.35 , 10 , 2 , 10000 , 1 , 0.310552 , 1 , 2 , 1 , 1 , 
MDP , 3 , 1 , 0.35 , 0.35 , 10 , 2 , 10000 , 1 , 0.595901 , 2 , 2 , 1 , 1 , 
MDP , 3 , 1 , 0.35 , 0.35 , 10 , 2 , 10000 , 1 , 0.600333 , 2 , 2 , 1 , 1 , 
MDP , 3 , 1 , 0.35 , 0.35 , 10 , 2 , 10000 , 1 , 0.147368 , 1 , 3 , 1 , 1 , 
MDP , 3 , 1 , 0.35 , 0.35 , 10 , 2 , 10000 , 1 , 0.311624 , 1 , 2 , 1 , 1 , 
MDP , 3 , 1 , 0.35 , 0.35 , 10 , 2 , 10000 , 1 , 0.588838 , 2 , 2 , 1 , 1 , 
MDP , 3 , 1 , 0.35 , 0.35 , 10 , 2 , 10000 , 1 , 0.114421 , 1 , 4 , 1 , 1 , 
MDP , 3 , 1 , 0.35 , 0.35 , 10 , 2 , 10000 , 1 , 0.454545 , 1 , 1 , 1 , 1 , 
MDP , 3 , 1 , 0.35 , 0.35 , 10 , 2 , 10000 , 1 , 0.11187 , 1 , 4 , 1 , 1 , 
MDP , 3 , 1 , 0.35 , 0.35 , 10 , 2 , 10000 , 1 , 0.307794 , 2 , 4 , 1 , 1 , 
MDP , 3 , 1 , 0.35 , 0.35 , 10 , 2 , 10000 , 1 , 0.462375 , 1 , 1 , 1 , 1 , 
MDP , 3 , 1 , 0.35 , 0.35 , 10 , 2 , 10000 , 1 , 0.447965 , 2 , 3 , 1 , 1 , 
MDP , 3 , 1 , 0.35 , 0.35 , 10 , 2 , 10000 , 1 , 0.44339 , 2 , 3 , 1 , 1 , 
MDP , 3 , 1 , 0.35 , 0.35 , 10 , 2 , 10000 , 1 , 0.778134 , 3 , 2 , 1 , 1 , 
MDP , 3 , 1 , 0.35 , 0.35 , 10 , 2 , 10000 , 1 , 0.528736 , 3 , 4 , 1 , 1 , 
MDP , 3 , 1 , 0.35 , 0.35 , 10 , 2 , 10000 , 1 , 0.785722 , 3 , 2 , 1 , 1 , 
MDP , 3 , 1 , 0.35 , 0.35 , 10 , 2 , 10000 , 1 , 0.777313 , 3 , 2 , 1 , 1 , 
MDP , 3 , 1 , 0.35 , 0.35 , 10 , 2 , 10000 , 1 , 0.448091 , 2 , 3 , 1 , 1 , 
MDP , 3 , 1 , 0.35 , 0.35 , 10 , 2 , 10000 , 1 , 0.0713771 , 1 , 5 , 1 , 1 , 
MDP , 3 , 1 , 0.35 , 0.35 , 10 , 2 , 10000 , 1 , 0.947368 , 5 , 1 , 1 , 1 , 
MDP , 3 , 1 , 0.35 , 0.35 , 10 , 2 , 10000 , 1 , 0.285714 , 1 , 3 , 1 , 1 , 
MDP , 3 , 1 , 0.35 , 0.35 , 10 , 2 , 10000 , 1 , 0.31101 , 1 , 2 , 1 , 1 , 
MDP , 3 , 1 , 0.35 , 0.35 , 10 , 2 , 10000 , 1 , 0.290323 , 1 , 2 , 1 , 1 , 
MDP , 3 , 1 , 0.35 , 0.35 , 10 , 2 , 10000 , 1 , 0.347826 , 1 , 2 , 1 , 1 , 
MDP , 3 , 1 , 0.35 , 0.35 , 10 , 2 , 10000 , 1 , 0.444333 , 2 , 3 , 1 , 1 , 
MDP , 3 , 1 , 0.35 , 0.35 , 10 , 2 , 10000 , 1 , 0.871373 , 3 , 1 , 1 , 1 , 
MDP , 3 , 1 , 0.35 , 0.35 , 10 , 2 , 10000 , 1 , 0.484211 , 2 , 3 , 1 , 1 , 
MDP , 3 , 1 , 0.35 , 0.35 , 10 , 2 , 10000 , 1 , 0.25 , 1 , 2 , 1 , 1 , 
MDP , 3 , 1 , 0.35 , 0.35 , 10 , 2 , 10000 , 1 , 0.387097 , 2 , 3 , 1 , 1 , 
MDP , 3 , 1 , 0.35 , 0.35 , 10 , 2 , 10000 , 1 , 0.352273 , 2 , 3 , 1 , 1 , 
MDP , 3 , 1 , 0.35 , 0.35 , 10 , 2 , 10000 , 1 , 0.784812 , 3 , 2 , 1 , 1 , 
MDP , 3 , 1 , 0.35 , 0.35 , 10 , 2 , 10000 , 1 , 0.448326 , 2 , 3 , 1 , 1 , 
MDP , 3 , 1 , 0.35 , 0.35 , 10 , 2 , 10000 , 1 , 0.592798 , 2 , 2 , 1 , 1 , 
MDP , 3 , 1 , 0.35 , 0.35 , 10 , 2 , 10000 , 1 , 0.59384 , 2 , 2 , 1 , 1 , 
MDP , 3 , 1 , 0.35 , 0.35 , 10 , 2 , 10000 , 1 , 0.456522 , 2 , 3 , 1 , 1 , 
MDP , 3 , 1 , 0.35 , 0.35 , 10 , 2 , 10000 , 1 , 0.810526 , 2 , 1 , 1 , 1 , 
MDP , 3 , 1 , 0.35 , 0.35 , 10 , 2 , 10000 , 1 , 0.258427 , 1 , 2 , 1 , 1 , 
MDP , 3 , 1 , 0.35 , 0.35 , 10 , 2 , 10000 , 1 , 0.755556 , 2 , 1 , 1 , 1 , 
MDP , 3 , 1 , 0.35 , 0.35 , 10 , 2 , 10000 , 1 , 0.138298 , 1 , 3 , 1 , 1 , 
MDP , 3 , 1 , 0.35 , 0.35 , 10 , 2 , 10000 , 1 , 0.273684 , 1 , 2 , 1 , 1 , 
MDP , 3 , 1 , 0.35 , 0.35 , 10 , 2 , 10000 , 1 , 0.844444 , 3 , 2 , 1 , 1 , 
MDP , 3 , 1 , 0.35 , 0.35 , 10 , 2 , 10000 , 1 , 0.306862 , 1 , 2 , 1 , 1 , 
MDP , 3 , 1 , 0.35 , 0.35 , 10 , 2 , 10000 , 1 , 0.709677 , 2 , 1 , 1 , 1 , 
MDP , 3 , 1 , 0.35 , 0.35 , 10 , 2 , 10000 , 1 , 0.414894 , 1 , 1 , 1 , 1 , 
MDP , 3 , 1 , 0.35 , 0.35 , 10 , 2 , 10000 , 1 , 0.542462 , 3 , 4 , 1 , 1 , 
MDP , 3 , 1 , 0.35 , 0.35 , 10 , 2 , 10000 , 1 , 0.788889 , 3 , 2 , 1 , 1 , 
MDP , 3 , 1 , 0.35 , 0.35 , 10 , 2 , 10000 , 1 , 0.56044 , 2 , 2 , 1 , 1 , 
MDP , 3 , 1 , 0.35 , 0.35 , 10 , 2 , 10000 , 1 , 0.596544 , 2 , 2 , 1 , 1 , 
MDP , 3 , 1 , 0.35 , 0.35 , 10 , 2 , 10000 , 1 , 0.397849 , 1 , 1 , 1 , 1 , 
MDP , 3 , 1 , 0.35 , 0.35 , 10 , 2 , 10000 , 1 , 0.11532 , 1 , 4 , 1 , 1 , 
MDP , 3 , 1 , 0.35 , 0.35 , 10 , 2 , 10000 , 1 , 0.454868 , 2 , 3 , 1 , 1 , 
MDP , 3 , 1 , 0.35 , 0.35 , 10 , 2 , 10000 , 1 , 0.659212 , 3 , 3 , 1 , 1 , 
MDP , 3 , 1 , 0.35 , 0.35 , 10 , 2 , 10000 , 1 , 0.577778 , 2 , 2 , 1 , 1 , 
MDP , 3 , 1 , 0.35 , 0.35 , 10 , 2 , 10000 , 1 , 0.192712 , 1 , 3 , 1 , 1 , 
MDP , 3 , 1 , 0.35 , 0.35 , 10 , 2 , 10000 , 1 , 0.668813 , 3 , 3 , 1 , 1 , 
MDP , 3 , 1 , 0.35 , 0.35 , 10 , 2 , 10000 , 1 , 0.736842 , 2 , 1 , 1 , 1 , 
MDP , 3 , 1 , 0.35 , 0.35 , 10 , 2 , 10000 , 1 , 0.19422 , 1 , 3 , 1 , 1 , 
MDP , 3 , 1 , 0.35 , 0.35 , 10 , 2 , 10000 , 1 , 0.129032 , 1 , 3 , 1 , 1 , 
MDP , 3 , 1 , 0.35 , 0.35 , 10 , 2 , 10000 , 1 , 0.597619 , 2 , 2 , 1 , 1 , 
MDP , 3 , 1 , 0.35 , 0.35 , 10 , 2 , 10000 , 1 , 0.817304 , 4 , 3 , 1 , 1 , 
MDP , 3 , 1 , 0.35 , 0.35 , 10 , 2 , 10000 , 1 , 0.674419 , 2 , 1 , 1 , 1 , 
MDP , 3 , 1 , 0.35 , 0.35 , 10 , 2 , 10000 , 1 , 0.589038 , 2 , 2 , 1 , 1 , 
MDP , 3 , 1 , 0.35 , 0.35 , 10 , 2 , 10000 , 1 , 0.0407036 , 1 , 6 , 1 , 1 , 
MDP , 3 , 1 , 0.35 , 0.35 , 10 , 2 , 10000 , 1 , 0.311828 , 1 , 2 , 1 , 1 , 
MDP , 3 , 1 , 0.35 , 0.35 , 10 , 2 , 10000 , 1 , 0.866667 , 3 , 1 , 1 , 1 , 
MDP , 3 , 1 , 0.35 , 0.35 , 10 , 2 , 10000 , 1 , 0.117174 , 1 , 4 , 1 , 1 , 
MDP , 3 , 1 , 0.35 , 0.35 , 10 , 2 , 10000 , 1 , 0.685393 , 2 , 2 , 1 , 1 , 
MDP , 3 , 1 , 0.35 , 0.35 , 10 , 2 , 10000 , 1 , 0.185496 , 1 , 3 , 1 , 1 , 
MDP , 3 , 1 , 0.35 , 0.35 , 10 , 2 , 10000 , 1 , 0.141304 , 1 , 3 , 1 , 1 , 
MDP , 3 , 1 , 0.35 , 0.35 , 10 , 2 , 10000 , 1 , 0.935952 , 4 , 1 , 1 , 1 , 
MDP , 3 , 1 , 0.35 , 0.35 , 10 , 2 , 10000 , 1 , 0.375 , 1 , 1 , 1 , 1 , 
MDP , 3 , 1 , 0.35 , 0.35 , 10 , 2 , 10000 , 1 , 0.532056 , 3 , 4 , 1 , 1 , 
MDP , 3 , 1 , 0.35 , 0.35 , 10 , 2 , 10000 , 1 , 0.59717 , 2 , 2 , 1 , 1 , 
MDP , 3 , 1 , 0.4 , 0.4 , 10 , 2 , 10000 , 1 , 0.967339 , 5 , 1 , 1 , 1 , 
MDP , 3 , 1 , 0.4 , 0.4 , 10 , 2 , 10000 , 1 , 0.129032 , 1 , 4 , 1 , 1 , 
MDP , 3 , 1 , 0.4 , 0.4 , 10 , 2 , 10000 , 1 , 0.474916 , 1 , 1 , 1 , 1 , 
MDP , 3 , 1 , 0.4 , 0.4 , 10 , 2 , 10000 , 1 , 0.72006 , 4 , 4 , 1 , 1 , 
MDP , 3 , 1 , 0.4 , 0.4 , 10 , 2 , 10000 , 1 , 0.868407 , 3 , 1 , 1 , 1 , 
MDP , 3 , 1 , 0.4 , 0.4 , 10 , 2 , 10000 , 1 , 0.840909 , 3 , 1 , 1 , 1 , 
MDP , 3 , 1 , 0.4 , 0.4 , 10 , 2 , 10000 , 1 , 0.528736 , 3 , 4 , 1 , 1 , 
MDP , 3 , 1 , 0.4 , 0.4 , 10 , 2 , 10000 , 1 , 0.777778 , 2 , 1 , 1 , 1 , 
MDP , 3 , 1 , 0.4 , 0.4 , 10 , 2 , 10000 , 1 , 0.2 , 1 , 2 , 1 , 1 , 
MDP , 3 , 1 , 0.4 , 0.4 , 10 , 2 , 10000 , 1 , 0.317346 , 2 , 4 , 1 , 1 , 
MDP , 3 , 1 , 0.4 , 0.4 , 10 , 2 , 10000 , 1 , 0.747368 , 2 , 1 , 1 , 1 , 
MDP , 3 , 1 , 0.4 , 0.4 , 10 , 2 , 10000 , 1 , 0.597925 , 2 , 2 , 1 , 1 , 
MDP , 3 , 1 , 0.4 , 0.4 , 10 , 2 , 10000 , 1 , 0.192393 , 1 , 3 , 1 , 1 , 
MDP , 3 , 1 , 0.4 , 0.4 , 10 , 2 , 10000 , 1 , 0.78271 , 3 , 2 , 1 , 1 , 
MDP , 3 , 1 , 0.4 , 0.4 , 10 , 2 , 10000 , 1 , 0.589764 , 2 , 2 , 1 , 1 , 
MDP , 3 , 1 , 0.4 , 0.4 , 10 , 2 , 10000 , 1 , 0.315178 , 2 , 4 , 1 , 1 , 
MDP , 3 , 1 , 0.4 , 0.4 , 10 , 2 , 10000 , 1 , 0.466667 , 1 , 1 , 1 , 1 , 
MDP , 3 , 1 , 0.4 , 0.4 , 10 , 2 , 10000 , 1 , 0.0421074 , 1 , 6 , 1 , 1 , 
MDP , 3 , 1 , 0.4 , 0.4 , 10 , 2 , 10000 , 1 , 0.205128 , 1 , 3 , 1 , 1 , 
MDP , 3 , 1 , 0.4 , 0.4 , 10 , 2 , 10000 , 1 , 0.208333 , 1 , 3 , 1 , 1 , 
MDP , 3 , 1 , 0.4 , 0.4 , 10 , 2 , 10000 , 1 , 0.732252 , 2 , 1 , 1 , 1 , 
MDP , 3 , 1 , 0.4 , 0.4 , 10 , 2 , 10000 , 1 , 0.871376 , 3 , 1 , 1 , 1 , 
MDP , 3 , 1 , 0.4 , 0.4 , 10 , 2 , 10000 , 1 , 0.461055 , 1 , 1 , 1 , 1 , 
MDP , 3 , 1 , 0.4 , 0.4 , 10 , 2 , 10000 , 1 , 0.528736 , 2 , 2 , 1 , 1 , 
MDP , 3 , 1 , 0.4 , 0.4 , 10 , 2 , 10000 , 1 , 0.454292 , 2 , 3 , 1 , 1 , 
MDP , 3 , 1 , 0.4 , 0.4 , 10 , 2 , 10000 , 1 , 0.119757 , 1 , 4 , 1 , 1 , 
MDP , 3 , 1 , 0.4 , 0.4 , 10 , 2 , 10000 , 1 , 0.591497 , 2 , 2 , 1 , 1 , 
MDP , 3 , 1 , 0.4 , 0.4 , 10 , 2 , 10000 , 1 , 0.388889 , 1 , 1 , 1 , 1 , 
MDP , 3 , 1 , 0.4 , 0.4 , 10 , 2 , 10000 , 1 , 0.590478 , 2 , 2 , 1 , 1 , 
MDP , 3 , 1 , 0.4 , 0.4 , 10 , 2 , 10000 , 1 , 0.114583 , 2 , 7 , 1 , 1 , 
MDP , 3 , 1 , 0.4 , 0.4 , 10 , 2 , 10000 , 1 , 0.489362 , 3 , 4 , 1 , 1 , 
MDP , 3 , 1 , 0.4 , 0.4 , 10 , 2 , 10000 , 1 , 0.870502 , 3 , 1 , 1 , 1 , 
MDP , 3 , 1 , 0.4 , 0.4 , 10 , 2 , 10000 , 1 , 0.115364 , 1 , 4 , 1 , 1 , 
MDP , 3 , 1 , 0.4 , 0.4 , 10 , 2 , 10000 , 1 , 0.444507 , 2 , 3 , 1 , 1 , 
MDP , 3 , 1 , 0.4 , 0.4 , 10 , 2 , 10000 , 1 , 0.675314 , 3 , 3 , 1 , 1 , 
MDP , 3 , 1 , 0.4 , 0.4 , 10 , 2 , 10000 , 1 , 0.212435 , 2 , 5 , 1 , 1 , 
MDP , 3 , 1 , 0.4 , 0.4 , 10 , 2 , 10000 , 1 , 0.664194 , 3 , 3 , 1 , 1 , 
MDP , 3 , 1 , 0.4 , 0.4 , 10 , 2 , 10000 , 1 , 0.664585 , 3 , 3 , 1 , 1 , 
MDP , 3 , 1 , 0.4 , 0.4 , 10 , 2 , 10000 , 1 , 0.317976 , 2 , 4 , 1 , 1 , 
MDP , 3 , 1 , 0.4 , 0.4 , 10 , 2 , 10000 , 1 , 0.891304 , 4 , 1 , 1 , 1 , 
MDP , 3 , 1 , 0.4 , 0.4 , 10 , 2 , 10000 , 1 , 0.325843 , 1 , 2 , 1 , 1 , 
MDP , 3 , 1 , 0.4 , 0.4 , 10 , 2 , 10000 , 1 , 0.192897 , 1 , 3 , 1 , 1 , 
MDP , 3 , 1 , 0.4 , 0.4 , 10 , 2 , 10000 , 1 , 0.736785 , 2 , 1 , 1 , 1 , 
MDP , 3 , 1 , 0.4 , 0.4 , 10 , 2 , 10000 , 1 , 0.442849 , 2 , 3 , 1 , 1 , 
MDP , 3 , 1 , 0.4 , 0.4 , 10 , 2 , 10000 , 1 , 0.90625 , 3 , 1 , 1 , 1 , 
MDP , 3 , 1 , 0.4 , 0.4 , 10 , 2 , 10000 , 1 , 0.894737 , 3 , 1 , 1 , 1 , 
MDP , 3 , 1 , 0.4 , 0.4 , 10 , 2 , 10000 , 1 , 0.236559 , 1 , 3 , 1 , 1 , 
MDP , 3 , 1 , 0.4 , 0.4 , 10 , 2 , 10000 , 1 , 0.324767 , 2 , 4 , 1 , 1 , 
MDP , 3 , 1 , 0.4 , 0.4 , 10 , 2 , 10000 , 1 , 0.188889 , 1 , 3 , 1 , 1 , 
MDP , 3 , 1 , 0.4 , 0.4 , 10 , 2 , 10000 , 1 , 0.449649 , 2 , 3 , 1 , 1 , 
MDP , 3 , 1 , 0.4 , 0.4 , 10 , 2 , 10000 , 1 , 0.19263 , 1 , 3 , 1 , 1 , 
MDP , 3 , 1 , 0.4 , 0.4 , 10 , 2 , 10000 , 1 , 0.591523 , 2 , 2 , 1 , 1 , 
MDP , 3 , 1 , 0.4 , 0.4 , 10 , 2 , 10000 , 1 , 0.83871 , 3 , 1 , 1 , 1 , 
MDP , 3 , 1 , 0.4 , 0.4 , 10 , 2 , 10000 , 1 , 0.306818 , 1 , 2 , 1 , 1 , 
MDP , 3 , 1 , 0.4 , 0.4 , 10 , 2 , 10000 , 1 , 0.637363 , 2 , 2 , 1 , 1 , 
MDP , 3 , 1 , 0.4 , 0.4 , 10 , 2 , 10000 , 1 , 0.315604 , 2 , 4 , 1 , 1 , 
MDP , 3 , 1 , 0.4 , 0.4 , 10 , 2 , 10000 , 1 , 0.735709 , 2 , 1 , 1 , 1 , 
MDP , 3 , 1 , 0.4 , 0.4 , 10 , 2 , 10000 , 1 , 0.59181 , 2 , 2 , 1 , 1 , 
MDP , 3 , 1 , 0.4 , 0.4 , 10 , 2 , 10000 , 1 , 0.741935 , 2 , 1 , 1 , 1 , 
MDP , 3 , 1 , 0.4 , 0.4 , 10 , 2 , 10000 , 1 , 0.810646 , 4 , 3 , 1 , 1 , 
MDP , 3 , 1 , 0.4 , 0.4 , 10 , 2 , 10000 , 1 , 0.440878 , 2 , 3 , 1 , 1 , 
MDP , 3 , 1 , 0.4 , 0.4 , 10 , 2 , 10000 , 1 , 0.450273 , 2 , 3 , 1 , 1 , 
MDP , 3 , 1 , 0.4 , 0.4 , 10 , 2 , 10000 , 1 , 0.41573 , 3 , 5 , 1 , 1 , 
MDP , 3 , 1 , 0.4 , 0.4 , 10 , 2 , 10000 , 1 , 0.355556 , 1 , 2 , 1 , 1 , 
MDP , 3 , 1 , 0.4 , 0.4 , 10 , 2 , 10000 , 1 , 0.322581 , 1 , 2 , 1 , 1 , 
MDP , 3 , 1 , 0.4 , 0.4 , 10 , 2 , 10000 , 1 , 0.53012 , 2 , 3 , 1 , 1 , 
MDP , 3 , 1 , 0.4 , 0.4 , 10 , 2 , 10000 , 1 , 0.217926 , 2 , 5 , 1 , 1 , 
MDP , 3 , 1 , 0.4 , 0.4 , 10 , 2 , 10000 , 1 , 0.329897 , 1 , 2 , 1 , 1 , 
MDP , 3 , 1 , 0.4 , 0.4 , 10 , 2 , 10000 , 1 , 0.593179 , 2 , 2 , 1 , 1 , 
MDP , 3 , 1 , 0.4 , 0.4 , 10 , 2 , 10000 , 1 , 0.594724 , 2 , 2 , 1 , 1 , 
MDP , 3 , 1 , 0.4 , 0.4 , 10 , 2 , 10000 , 1 , 0.871897 , 3 , 1 , 1 , 1 , 
MDP , 3 , 1 , 0.4 , 0.4 , 10 , 2 , 10000 , 1 , 0.666667 , 2 , 2 , 1 , 1 , 
MDP , 3 , 1 , 0.4 , 0.4 , 10 , 2 , 10000 , 1 , 0.590292 , 2 , 2 , 1 , 1 , 
MDP , 3 , 1 , 0.4 , 0.4 , 10 , 2 , 10000 , 1 , 0.588261 , 2 , 2 , 1 , 1 , 
MDP , 3 , 1 , 0.4 , 0.4 , 10 , 2 , 10000 , 1 , 0.336842 , 1 , 2 , 1 , 1 , 
MDP , 3 , 1 , 0.4 , 0.4 , 10 , 2 , 10000 , 1 , 0.404895 , 3 , 5 , 1 , 1 , 
MDP , 3 , 1 , 0.4 , 0.4 , 10 , 2 , 10000 , 1 , 0.0681677 , 1 , 5 , 1 , 1 , 
MDP , 3 , 1 , 0.4 , 0.4 , 10 , 2 , 10000 , 1 , 0.329864 , 2 , 4 , 1 , 1 , 
MDP , 3 , 1 , 0.4 , 0.4 , 10 , 2 , 10000 , 1 , 0.784524 , 3 , 2 , 1 , 1 , 
MDP , 3 , 1 , 0.4 , 0.4 , 10 , 2 , 10000 , 1 , 0.780966 , 3 , 2 , 1 , 1 , 
MDP , 3 , 1 , 0.4 , 0.4 , 10 , 2 , 10000 , 1 , 0.611111 , 2 , 2 , 1 , 1 , 
MDP , 3 , 1 , 0.4 , 0.4 , 10 , 2 , 10000 , 1 , 0.777778 , 2 , 1 , 1 , 1 , 
MDP , 3 , 1 , 0.4 , 0.4 , 10 , 2 , 10000 , 1 , 0.66379 , 3 , 3 , 1 , 1 , 
MDP , 3 , 1 , 0.4 , 0.4 , 10 , 2 , 10000 , 1 , 0.781146 , 3 , 2 , 1 , 1 , 
MDP , 3 , 1 , 0.4 , 0.4 , 10 , 2 , 10000 , 1 , 0.657534 , 3 , 3 , 1 , 1 , 
MDP , 3 , 1 , 0.4 , 0.4 , 10 , 2 , 10000 , 1 , 0.872606 , 3 , 1 , 1 , 1 , 
MDP , 3 , 1 , 0.4 , 0.4 , 10 , 2 , 10000 , 1 , 0.872935 , 3 , 1 , 1 , 1 , 
MDP , 3 , 1 , 0.4 , 0.4 , 10 , 2 , 10000 , 1 , 0.385542 , 2 , 3 , 1 , 1 , 
MDP , 3 , 1 , 0.4 , 0.4 , 10 , 2 , 10000 , 1 , 0.445652 , 1 , 1 , 1 , 1 , 
MDP , 3 , 1 , 0.4 , 0.4 , 10 , 2 , 10000 , 1 , 0.818304 , 4 , 3 , 1 , 1 , 
MDP , 3 , 1 , 0.4 , 0.4 , 10 , 2 , 10000 , 1 , 0.114859 , 1 , 4 , 1 , 1 , 
MDP , 3 , 1 , 0.4 , 0.4 , 10 , 2 , 10000 , 1 , 0.55814 , 2 , 2 , 1 , 1 , 
MDP , 3 , 1 , 0.4 , 0.4 , 10 , 2 , 10000 , 1 , 0.319149 , 1 , 2 , 1 , 1 , 
MDP , 3 , 1 , 0.4 , 0.4 , 10 , 2 , 10000 , 1 , 0.11524 , 1 , 4 , 1 , 1 , 
MDP , 3 , 1 , 0.4 , 0.4 , 10 , 2 , 10000 , 1 , 0.225806 , 1 , 2 , 1 , 1 , 
MDP , 3 , 1 , 0.4 , 0.4 , 10 , 2 , 10000 , 1 , 0.152174 , 1 , 3 , 1 , 1 , 
MDP , 3 , 1 , 0.4 , 0.4 , 10 , 2 , 10000 , 1 , 0.365591 , 1 , 2 , 1 , 1 , 
MDP , 3 , 1 , 0.4 , 0.4 , 10 , 2 , 10000 , 1 , 0.973673 , 6 , 2 , 1 , 1 , 
MDP , 3 , 1 , 0.4 , 0.4 , 10 , 2 , 10000 , 1 , 0.0967742 , 1 , 4 , 1 , 1 , 
MDP , 3 , 1 , 0.4 , 0.4 , 10 , 2 , 10000 , 1 , 0.418605 , 2 , 3 , 1 , 1 , 
MDP , 3 , 1 , 0.45 , 0.45 , 10 , 2 , 10000 , 1 , 0.967339 , 5 , 1 , 1 , 1 , 
MDP , 3 , 1 , 0.45 , 0.45 , 10 , 2 , 10000 , 1 , 0.129032 , 1 , 4 , 1 , 1 , 
MDP , 3 , 1 , 0.45 , 0.45 , 10 , 2 , 10000 , 1 , 0.474916 , 1 , 1 , 1 , 1 , 
MDP , 3 , 1 , 0.45 , 0.45 , 10 , 2 , 10000 , 1 , 0.72006 , 4 , 4 , 1 , 1 , 
MDP , 3 , 1 , 0.45 , 0.45 , 10 , 2 , 10000 , 1 , 0.868407 , 3 , 1 , 1 , 1 , 
MDP , 3 , 1 , 0.45 , 0.45 , 10 , 2 , 10000 , 1 , 0.840909 , 3 , 1 , 1 , 1 , 
MDP , 3 , 1 , 0.45 , 0.45 , 10 , 2 , 10000 , 1 , 0.528736 , 3 , 4 , 1 , 1 , 
MDP , 3 , 1 , 0.45 , 0.45 , 10 , 2 , 10000 , 1 , 0.777778 , 2 , 1 , 1 , 1 , 
MDP , 3 , 1 , 0.45 , 0.45 , 10 , 2 , 10000 , 1 , 0.2 , 1 , 2 , 1 , 1 , 
MDP , 3 , 1 , 0.45 , 0.45 , 10 , 2 , 10000 , 1 , 0.317346 , 2 , 4 , 1 , 1 , 
MDP , 3 , 1 , 0.45 , 0.45 , 10 , 2 , 10000 , 1 , 0.747368 , 2 , 1 , 1 , 1 , 
MDP , 3 , 1 , 0.45 , 0.45 , 10 , 2 , 10000 , 1 , 0.597925 , 2 , 2 , 1 , 1 , 
MDP , 3 , 1 , 0.45 , 0.45 , 10 , 2 , 10000 , 1 , 0.192393 , 1 , 3 , 1 , 1 , 
MDP , 3 , 1 , 0.45 , 0.45 , 10 , 2 , 10000 , 1 , 0.78271 , 3 , 2 , 1 , 1 , 
MDP , 3 , 1 , 0.45 , 0.45 , 10 , 2 , 10000 , 1 , 0.589764 , 2 , 2 , 1 , 1 , 
MDP , 3 , 1 , 0.45 , 0.45 , 10 , 2 , 10000 , 1 , 0.315178 , 2 , 4 , 1 , 1 , 
MDP , 3 , 1 , 0.45 , 0.45 , 10 , 2 , 10000 , 1 , 0.466667 , 1 , 1 , 1 , 1 , 
MDP , 3 , 1 , 0.45 , 0.45 , 10 , 2 , 10000 , 1 , 0.0421074 , 1 , 6 , 1 , 1 , 
MDP , 3 , 1 , 0.45 , 0.45 , 10 , 2 , 10000 , 1 , 0.205128 , 1 , 3 , 1 , 1 , 
MDP , 3 , 1 , 0.45 , 0.45 , 10 , 2 , 10000 , 1 , 0.208333 , 1 , 3 , 1 , 1 , 
MDP , 3 , 1 , 0.45 , 0.45 , 10 , 2 , 10000 , 1 , 0.732252 , 2 , 1 , 1 , 1 , 
MDP , 3 , 1 , 0.45 , 0.45 , 10 , 2 , 10000 , 1 , 0.871376 , 3 , 1 , 1 , 1 , 
MDP , 3 , 1 , 0.45 , 0.45 , 10 , 2 , 10000 , 1 , 0.461055 , 1 , 1 , 1 , 1 , 
MDP , 3 , 1 , 0.45 , 0.45 , 10 , 2 , 10000 , 1 , 0.528736 , 2 , 2 , 1 , 1 , 
MDP , 3 , 1 , 0.45 , 0.45 , 10 , 2 , 10000 , 1 , 0.454292 , 2 , 3 , 1 , 1 , 
MDP , 3 , 1 , 0.45 , 0.45 , 10 , 2 , 10000 , 1 , 0.119757 , 1 , 4 , 1 , 1 , 
MDP , 3 , 1 , 0.45 , 0.45 , 10 , 2 , 10000 , 1 , 0.86681 , 3 , 1 , 1 , 1 , 
MDP , 3 , 1 , 0.45 , 0.45 , 10 , 2 , 10000 , 1 , 0.301726 , 1 , 2 , 1 , 1 , 
MDP , 3 , 1 , 0.45 , 0.45 , 10 , 2 , 10000 , 1 , 0.425532 , 1 , 1 , 1 , 1 , 
MDP , 3 , 1 , 0.45 , 0.45 , 10 , 2 , 10000 , 1 , 0.409091 , 2 , 3 , 1 , 1 , 
MDP , 3 , 1 , 0.45 , 0.45 , 10 , 2 , 10000 , 1 , 0.191707 , 1 , 3 , 1 , 1 , 
MDP , 3 , 1 , 0.45 , 0.45 , 10 , 2 , 10000 , 1 , 0.186743 , 1 , 3 , 1 , 1 , 
MDP , 3 , 1 , 0.45 , 0.45 , 10 , 2 , 10000 , 1 , 0.297872 , 1 , 2 , 1 , 1 , 
MDP , 3 , 1 , 0.45 , 0.45 , 10 , 2 , 10000 , 1 , 0.874784 , 3 , 1 , 1 , 1 , 
MDP , 3 , 1 , 0.45 , 0.45 , 10 , 2 , 10000 , 1 , 0.600597 , 2 , 2 , 1 , 1 , 
MDP , 3 , 1 , 0.45 , 0.45 , 10 , 2 , 10000 , 1 , 0.460741 , 1 , 1 , 1 , 1 , 
MDP , 3 , 1 , 0.45 , 0.45 , 10 , 2 , 10000 , 1 , 0.308122 , 1 , 2 , 1 , 1 , 
MDP , 3 , 1 , 0.45 , 0.45 , 10 , 2 , 10000 , 1 , 0.65915 , 3 , 3 , 1 , 1 , 
MDP , 3 , 1 , 0.45 , 0.45 , 10 , 2 , 10000 , 1 , 0.546512 , 2 , 2 , 1 , 1 , 
MDP , 3 , 1 , 0.45 , 0.45 , 10 , 2 , 10000 , 1 , 0.601268 , 2 , 2 , 1 , 1 , 
MDP , 3 , 1 , 0.45 , 0.45 , 10 , 2 , 10000 , 1 , 0.56044 , 1 , 1 , 1 , 1 , 
MDP , 3 , 1 , 0.45 , 0.45 , 10 , 2 , 10000 , 1 , 0.305025 , 1 , 2 , 1 , 1 , 
MDP , 3 , 1 , 0.45 , 0.45 , 10 , 2 , 10000 , 1 , 0.483871 , 1 , 1 , 1 , 1 , 
MDP , 3 , 1 , 0.45 , 0.45 , 10 , 2 , 10000 , 1 , 0.783066 , 3 , 2 , 1 , 1 , 
MDP , 3 , 1 , 0.45 , 0.45 , 10 , 2 , 10000 , 1 , 0.893617 , 3 , 1 , 1 , 1 , 
MDP , 3 , 1 , 0.45 , 0.45 , 10 , 2 , 10000 , 1 , 0.892993 , 4 , 2 , 1 , 1 , 
MDP , 3 , 1 , 0.45 , 0.45 , 10 , 2 , 10000 , 1 , 0.887435 , 4 , 2 , 1 , 1 , 
MDP , 3 , 1 , 0.45 , 0.45 , 10 , 2 , 10000 , 1 , 0.187997 , 1 , 3 , 1 , 1 , 
MDP , 3 , 1 , 0.45 , 0.45 , 10 , 2 , 10000 , 1 , 0.744186 , 2 , 1 , 1 , 1 , 
MDP , 3 , 1 , 0.45 , 0.45 , 10 , 2 , 10000 , 1 , 0.711073 , 4 , 4 , 1 , 1 , 
MDP , 3 , 1 , 0.45 , 0.45 , 10 , 2 , 10000 , 1 , 0.775603 , 3 , 2 , 1 , 1 , 
MDP , 3 , 1 , 0.45 , 0.45 , 10 , 2 , 10000 , 1 , 0.636364 , 2 , 2 , 1 , 1 , 
MDP , 3 , 1 , 0.45 , 0.45 , 10 , 2 , 10000 , 1 , 0.597165 , 2 , 2 , 1 , 1 , 
MDP , 3 , 1 , 0.45 , 0.45 , 10 , 2 , 10000 , 1 , 0.869344 , 3 , 1 , 1 , 1 , 
MDP , 3 , 1 , 0.45 , 0.45 , 10 , 2 , 10000 , 1 , 0.736495 , 2 , 1 , 1 , 1 , 
MDP , 3 , 1 , 0.45 , 0.45 , 10 , 2 , 10000 , 1 , 0.193542 , 1 , 3 , 1 , 1 , 
MDP , 3 , 1 , 0.45 , 0.45 , 10 , 2 , 10000 , 1 , 0.840909 , 3 , 1 , 1 , 1 , 
MDP , 3 , 1 , 0.45 , 0.45 , 10 , 2 , 10000 , 1 , 0.451886 , 2 , 3 , 1 , 1 , 
MDP , 3 , 1 , 0.45 , 0.45 , 10 , 2 , 10000 , 1 , 0.0412371 , 1 , 5 , 1 , 1 , 
MDP , 3 , 1 , 0.45 , 0.45 , 10 , 2 , 10000 , 1 , 0.287234 , 2 , 4 , 1 , 1 , 
MDP , 3 , 1 , 0.45 , 0.45 , 10 , 2 , 10000 , 1 , 0.561798 , 2 , 2 , 1 , 1 , 
MDP , 3 , 1 , 0.45 , 0.45 , 10 , 2 , 10000 , 1 , 0.447715 , 2 , 3 , 1 , 1 , 
MDP , 3 , 1 , 0.45 , 0.45 , 10 , 2 , 10000 , 1 , 0.73362 , 2 , 1 , 1 , 1 , 
MDP , 3 , 1 , 0.45 , 0.45 , 10 , 2 , 10000 , 1 , 0.692308 , 2 , 1 , 1 , 1 , 
MDP , 3 , 1 , 0.45 , 0.45 , 10 , 2 , 10000 , 1 , 0.462366 , 1 , 1 , 1 , 1 , 
MDP , 3 , 1 , 0.45 , 0.45 , 10 , 2 , 10000 , 1 , 0.677092 , 3 , 3 , 1 , 1 , 
MDP , 3 , 1 , 0.45 , 0.45 , 10 , 2 , 10000 , 1 , 0.609756 , 2 , 2 , 1 , 1 , 
MDP , 3 , 1 , 0.45 , 0.45 , 10 , 2 , 10000 , 1 , 0.89011 , 3 , 1 , 1 , 1 , 
MDP , 3 , 1 , 0.45 , 0.45 , 10 , 2 , 10000 , 1 , 0.78125 , 3 , 2 , 1 , 1 , 
MDP , 3 , 1 , 0.45 , 0.45 , 10 , 2 , 10000 , 1 , 0.914894 , 4 , 2 , 1 , 1 , 
MDP , 3 , 1 , 0.45 , 0.45 , 10 , 2 , 10000 , 1 , 0.0706674 , 1 , 5 , 1 , 1 , 
MDP , 3 , 1 , 0.45 , 0.45 , 10 , 2 , 10000 , 1 , 0.402174 , 1 , 1 , 1 , 1 , 
MDP , 3 , 1 , 0.45 , 0.45 , 10 , 2 , 10000 , 1 , 0.042958 , 1 , 6 , 1 , 1 , 
MDP , 3 , 1 , 0.45 , 0.45 , 10 , 2 , 10000 , 1 , 0.55914 , 2 , 2 , 1 , 1 , 
MDP , 3 , 1 , 0.45 , 0.45 , 10 , 2 , 10000 , 1 , 0.447676 , 2 , 3 , 1 , 1 , 
MDP , 3 , 1 , 0.45 , 0.45 , 10 , 2 , 10000 , 1 , 0.665468 , 3 , 3 , 1 , 1 , 
MDP , 3 , 1 , 0.45 , 0.45 , 10 , 2 , 10000 , 1 , 0.451075 , 2 , 3 , 1 , 1 , 
MDP , 3 , 1 , 0.45 , 0.45 , 10 , 2 , 10000 , 1 , 0.336957 , 2 , 3 , 1 , 1 , 
MDP , 3 , 1 , 0.45 , 0.45 , 10 , 2 , 10000 , 1 , 0.604396 , 2 , 2 , 1 , 1 , 
MDP , 3 , 1 , 0.45 , 0.45 , 10 , 2 , 10000 , 1 , 0.3011 , 1 , 2 , 1 , 1 , 
MDP , 3 , 1 , 0.45 , 0.45 , 10 , 2 , 10000 , 1 , 0.244186 , 1 , 3 , 1 , 1 , 
MDP , 3 , 1 , 0.45 , 0.45 , 10 , 2 , 10000 , 1 , 0.215054 , 1 , 3 , 1 , 1 , 
MDP , 3 , 1 , 0.45 , 0.45 , 10 , 2 , 10000 , 1 , 0.319431 , 2 , 4 , 1 , 1 , 
MDP , 3 , 1 , 0.45 , 0.45 , 10 , 2 , 10000 , 1 , 0.539818 , 3 , 4 , 1 , 1 , 
MDP , 3 , 1 , 0.45 , 0.45 , 10 , 2 , 10000 , 1 , 0.588945 , 2 , 2 , 1 , 1 , 
MDP , 3 , 1 , 0.45 , 0.45 , 10 , 2 , 10000 , 1 , 0.592192 , 2 , 2 , 1 , 1 , 
MDP , 3 , 1 , 0.45 , 0.45 , 10 , 2 , 10000 , 1 , 0.189474 , 1 , 3 , 1 , 1 , 
MDP , 3 , 1 , 0.45 , 0.45 , 10 , 2 , 10000 , 1 , 0.285714 , 2 , 4 , 1 , 1 , 
MDP , 3 , 1 , 0.45 , 0.45 , 10 , 2 , 10000 , 1 , 0.877778 , 3 , 1 , 1 , 1 , 
MDP , 3 , 1 , 0.45 , 0.45 , 10 , 2 , 10000 , 1 , 0.727543 , 2 , 1 , 1 , 1 , 
MDP , 3 , 1 , 0.45 , 0.45 , 10 , 2 , 10000 , 1 , 0.869153 , 3 , 1 , 1 , 1 , 
MDP , 3 , 1 , 0.45 , 0.45 , 10 , 2 , 10000 , 1 , 0.268817 , 1 , 3 , 1 , 1 , 
MDP , 3 , 1 , 0.45 , 0.45 , 10 , 2 , 10000 , 1 , 0.868728 , 3 , 1 , 1 , 1 , 
MDP , 3 , 1 , 0.45 , 0.45 , 10 , 2 , 10000 , 1 , 0.866357 , 3 , 1 , 1 , 1 , 
MDP , 3 , 1 , 0.45 , 0.45 , 10 , 2 , 10000 , 1 , 0.727432 , 2 , 1 , 1 , 1 , 
MDP , 3 , 1 , 0.45 , 0.45 , 10 , 2 , 10000 , 1 , 0.766667 , 2 , 1 , 1 , 1 , 
MDP , 3 , 1 , 0.45 , 0.45 , 10 , 2 , 10000 , 1 , 0.663958 , 3 , 3 , 1 , 1 , 
MDP , 3 , 1 , 0.45 , 0.45 , 10 , 2 , 10000 , 1 , 0.810648 , 4 , 3 , 1 , 1 , 
MDP , 3 , 1 , 0.45 , 0.45 , 10 , 2 , 10000 , 1 , 0.782863 , 3 , 2 , 1 , 1 , 
MDP , 3 , 1 , 0.45 , 0.45 , 10 , 2 , 10000 , 1 , 0.595506 , 2 , 3 , 1 , 1 , 
MDP , 3 , 1 , 0.5 , 0.5 , 10 , 2 , 10000 , 1 , 0.967339 , 5 , 1 , 1 , 1 , 
MDP , 3 , 1 , 0.5 , 0.5 , 10 , 2 , 10000 , 1 , 0.927083 , 3 , 1 , 1 , 1 , 
MDP , 3 , 1 , 0.5 , 0.5 , 10 , 2 , 10000 , 1 , 0.108556 , 1 , 4 , 1 , 1 , 
MDP , 3 , 1 , 0.5 , 0.5 , 10 , 2 , 10000 , 1 , 0.530376 , 3 , 4 , 1 , 1 , 
MDP , 3 , 1 , 0.5 , 0.5 , 10 , 2 , 10000 , 1 , 0.119555 , 1 , 4 , 1 , 1 , 
MDP , 3 , 1 , 0.5 , 0.5 , 10 , 2 , 10000 , 1 , 0.666553 , 3 , 3 , 1 , 1 , 
MDP , 3 , 1 , 0.5 , 0.5 , 10 , 2 , 10000 , 1 , 0.465909 , 2 , 3 , 1 , 1 , 
MDP , 3 , 1 , 0.5 , 0.5 , 10 , 2 , 10000 , 1 , 0.633333 , 2 , 2 , 1 , 1 , 
MDP , 3 , 1 , 0.5 , 0.5 , 10 , 2 , 10000 , 1 , 0.817248 , 4 , 3 , 1 , 1 , 
MDP , 3 , 1 , 0.5 , 0.5 , 10 , 2 , 10000 , 1 , 0.782344 , 3 , 2 , 1 , 1 , 
MDP , 3 , 1 , 0.5 , 0.5 , 10 , 2 , 10000 , 1 , 0.242105 , 1 , 3 , 1 , 1 , 
MDP , 3 , 1 , 0.5 , 0.5 , 10 , 2 , 10000 , 1 , 0.778961 , 3 , 2 , 1 , 1 , 
MDP , 3 , 1 , 0.5 , 0.5 , 10 , 2 , 10000 , 1 , 0.461538 , 3 , 4 , 1 , 1 , 
MDP , 3 , 1 , 0.5 , 0.5 , 10 , 2 , 10000 , 1 , 0.0680926 , 1 , 5 , 1 , 1 , 
MDP , 3 , 1 , 0.5 , 0.5 , 10 , 2 , 10000 , 1 , 0.190072 , 1 , 3 , 1 , 1 , 
MDP , 3 , 1 , 0.5 , 0.5 , 10 , 2 , 10000 , 1 , 0.472527 , 2 , 3 , 1 , 1 , 
MDP , 3 , 1 , 0.5 , 0.5 , 10 , 2 , 10000 , 1 , 0.469061 , 1 , 1 , 1 , 1 , 
MDP , 3 , 1 , 0.5 , 0.5 , 10 , 2 , 10000 , 1 , 0.732129 , 2 , 1 , 1 , 1 , 
MDP , 3 , 1 , 0.5 , 0.5 , 10 , 2 , 10000 , 1 , 0.453038 , 2 , 3 , 1 , 1 , 
MDP , 3 , 1 , 0.5 , 0.5 , 10 , 2 , 10000 , 1 , 0.89011 , 4 , 2 , 1 , 1 , 
MDP , 3 , 1 , 0.5 , 0.5 , 10 , 2 , 10000 , 1 , 0.860215 , 4 , 2 , 1 , 1 , 
MDP , 3 , 1 , 0.5 , 0.5 , 10 , 2 , 10000 , 1 , 0.776253 , 3 , 2 , 1 , 1 , 
MDP , 3 , 1 , 0.5 , 0.5 , 10 , 2 , 10000 , 1 , 0.406593 , 2 , 3 , 1 , 1 , 
MDP , 3 , 1 , 0.5 , 0.5 , 10 , 2 , 10000 , 1 , 0.986197 , 6 , 1 , 1 , 1 , 
MDP , 3 , 1 , 0.5 , 0.5 , 10 , 2 , 10000 , 1 , 0.311078 , 1 , 2 , 1 , 1 , 
MDP , 3 , 1 , 0.5 , 0.5 , 10 , 2 , 10000 , 1 , 0.311768 , 1 , 2 , 1 , 1 , 
MDP , 3 , 1 , 0.5 , 0.5 , 10 , 2 , 10000 , 1 , 0.195397 , 1 , 3 , 1 , 1 , 
MDP , 3 , 1 , 0.5 , 0.5 , 10 , 2 , 10000 , 1 , 0.778463 , 3 , 2 , 1 , 1 , 
MDP , 3 , 1 , 0.5 , 0.5 , 10 , 2 , 10000 , 1 , 0.603527 , 2 , 2 , 1 , 1 , 
MDP , 3 , 1 , 0.5 , 0.5 , 10 , 2 , 10000 , 1 , 0.588889 , 3 , 4 , 1 , 1 , 
MDP , 3 , 1 , 0.5 , 0.5 , 10 , 2 , 10000 , 1 , 0.824176 , 3 , 2 , 1 , 1 , 
MDP , 3 , 1 , 0.5 , 0.5 , 10 , 2 , 10000 , 1 , 0.446682 , 2 , 3 , 1 , 1 , 
MDP , 3 , 1 , 0.5 , 0.5 , 10 , 2 , 10000 , 1 , 0.783282 , 3 , 2 , 1 , 1 , 
MDP , 3 , 1 , 0.5 , 0.5 , 10 , 2 , 10000 , 1 , 0.447027 , 2 , 3 , 1 , 1 , 
MDP , 3 , 1 , 0.5 , 0.5 , 10 , 2 , 10000 , 1 , 0.202128 , 1 , 2 , 1 , 1 , 
MDP , 3 , 1 , 0.5 , 0.5 , 10 , 2 , 10000 , 1 , 0.692308 , 2 , 1 , 1 , 1 , 
MDP , 3 , 1 , 0.5 , 0.5 , 10 , 2 , 10000 , 1 , 0.531111 , 3 , 4 , 1 , 1 , 
MDP , 3 , 1 , 0.5 , 0.5 , 10 , 2 , 10000 , 1 , 0.592816 , 2 , 2 , 1 , 1 , 
MDP , 3 , 1 , 0.5 , 0.5 , 10 , 2 , 10000 , 1 , 0.931034 , 5 , 2 , 1 , 1 , 
MDP , 3 , 1 , 0.5 , 0.5 , 10 , 2 , 10000 , 1 , 0.442105 , 1 , 1 , 1 , 1 , 
MDP , 3 , 1 , 0.5 , 0.5 , 10 , 2 , 10000 , 1 , 0.795699 , 3 , 1 , 1 , 1 , 
MDP , 3 , 1 , 0.5 , 0.5 , 10 , 2 , 10000 , 1 , 0.108003 , 1 , 4 , 1 , 1 , 
MDP , 3 , 1 , 0.5 , 0.5 , 10 , 2 , 10000 , 1 , 0.352273 , 1 , 1 , 1 , 1 , 
MDP , 3 , 1 , 0.5 , 0.5 , 10 , 2 , 10000 , 1 , 0.470302 , 1 , 1 , 1 , 1 , 
MDP , 3 , 1 , 0.5 , 0.5 , 10 , 2 , 10000 , 1 , 0.888889 , 3 , 1 , 1 , 1 , 
MDP , 3 , 1 , 0.5 , 0.5 , 10 , 2 , 10000 , 1 , 0.443276 , 2 , 3 , 1 , 1 , 
MDP , 3 , 1 , 0.5 , 0.5 , 10 , 2 , 10000 , 1 , 0.187699 , 1 , 3 , 1 , 1 , 
MDP , 3 , 1 , 0.5 , 0.5 , 10 , 2 , 10000 , 1 , 0.202128 , 1 , 3 , 1 , 1 , 
MDP , 3 , 1 , 0.5 , 0.5 , 10 , 2 , 10000 , 1 , 0.937101 , 4 , 1 , 1 , 1 , 
MDP , 3 , 1 , 0.5 , 0.5 , 10 , 2 , 10000 , 1 , 0.511364 , 2 , 3 , 1 , 1 , 
MDP , 3 , 1 , 0.5 , 0.5 , 10 , 2 , 10000 , 1 , 0.73384 , 2 , 1 , 1 , 1 , 
MDP , 3 , 1 , 0.5 , 0.5 , 10 , 2 , 10000 , 1 , 0.448241 , 2 , 3 , 1 , 1 , 
MDP , 3 , 1 , 0.5 , 0.5 , 10 , 2 , 10000 , 1 , 0.872405 , 3 , 1 , 1 , 1 , 
MDP , 3 , 1 , 0.5 , 0.5 , 10 , 2 , 10000 , 1 , 0.781503 , 3 , 2 , 1 , 1 , 
MDP , 3 , 1 , 0.5 , 0.5 , 10 , 2 , 10000 , 1 , 0.970746 , 6 , 2 , 1 , 1 , 
MDP , 3 , 1 , 0.5 , 0.5 , 10 , 2 , 10000 , 1 , 0.193946 , 1 , 3 , 1 , 1 , 
MDP , 3 , 1 , 0.5 , 0.5 , 10 , 2 , 10000 , 1 , 0.595262 , 2 , 2 , 1 , 1 , 
MDP , 3 , 1 , 0.5 , 0.5 , 10 , 2 , 10000 , 1 , 0.785161 , 3 , 2 , 1 , 1 , 
MDP , 3 , 1 , 0.5 , 0.5 , 10 , 2 , 10000 , 1 , 0.886364 , 4 , 2 , 1 , 1 , 
MDP , 3 , 1 , 0.5 , 0.5 , 10 , 2 , 10000 , 1 , 0.472527 , 2 , 3 , 1 , 1 , 
MDP , 3 , 1 , 0.5 , 0.5 , 10 , 2 , 10000 , 1 , 0.542137 , 3 , 4 , 1 , 1 , 
MDP , 3 , 1 , 0.5 , 0.5 , 10 , 2 , 10000 , 1 , 0.717647 , 3 , 2 , 1 , 1 , 
MDP , 3 , 1 , 0.5 , 0.5 , 10 , 2 , 10000 , 1 , 0.287234 , 1 , 2 , 1 , 1 , 
MDP , 3 , 1 , 0.5 , 0.5 , 10 , 2 , 10000 , 1 , 0.189661 , 1 , 3 , 1 , 1 , 
MDP , 3 , 1 , 0.5 , 0.5 , 10 , 2 , 10000 , 1 , 0.314527 , 1 , 2 , 1 , 1 , 
MDP , 3 , 1 , 0.5 , 0.5 , 10 , 2 , 10000 , 1 , 0.46409 , 1 , 1 , 1 , 1 , 
MDP , 3 , 1 , 0.5 , 0.5 , 10 , 2 , 10000 , 1 , 0.274725 , 1 , 2 , 1 , 1 , 
MDP , 3 , 1 , 0.5 , 0.5 , 10 , 2 , 10000 , 1 , 0.303932 , 1 , 2 , 1 , 1 , 
MDP , 3 , 1 , 0.5 , 0.5 , 10 , 2 , 10000 , 1 , 0.329787 , 1 , 2 , 1 , 1 , 
MDP , 3 , 1 , 0.5 , 0.5 , 10 , 2 , 10000 , 1 , 0.317249 , 1 , 2 , 1 , 1 , 
MDP , 3 , 1 , 0.5 , 0.5 , 10 , 2 , 10000 , 1 , 0.304348 , 2 , 4 , 1 , 1 , 
MDP , 3 , 1 , 0.5 , 0.5 , 10 , 2 , 10000 , 1 , 0.252632 , 1 , 3 , 1 , 1 , 
MDP , 3 , 1 , 0.5 , 0.5 , 10 , 2 , 10000 , 1 , 0.669068 , 3 , 3 , 1 , 1 , 
MDP , 3 , 1 , 0.5 , 0.5 , 10 , 2 , 10000 , 1 , 0.776131 , 3 , 2 , 1 , 1 , 
MDP , 3 , 1 , 0.5 , 0.5 , 10 , 2 , 10000 , 1 , 0.266667 , 1 , 2 , 1 , 1 , 
MDP , 3 , 1 , 0.5 , 0.5 , 10 , 2 , 10000 , 1 , 0.299077 , 1 , 2 , 1 , 1 , 
MDP , 3 , 1 , 0.5 , 0.5 , 10 , 2 , 10000 , 1 , 0.647727 , 2 , 2 , 1 , 1 , 
MDP , 3 , 1 , 0.5 , 0.5 , 10 , 2 , 10000 , 1 , 0.247312 , 1 , 2 , 1 , 1 , 
MDP , 3 , 1 , 0.5 , 0.5 , 10 , 2 , 10000 , 1 , 0.406977 , 2 , 3 , 1 , 1 , 
MDP , 3 , 1 , 0.5 , 0.5 , 10 , 2 , 10000 , 1 , 0.736704 , 2 , 1 , 1 , 1 , 
MDP , 3 , 1 , 0.5 , 0.5 , 10 , 2 , 10000 , 1 , 0.445026 , 2 , 3 , 1 , 1 , 
MDP , 3 , 1 , 0.5 , 0.5 , 10 , 2 , 10000 , 1 , 0.665496 , 3 , 3 , 1 , 1 , 
MDP , 3 , 1 , 0.5 , 0.5 , 10 , 2 , 10000 , 1 , 0.684783 , 2 , 1 , 1 , 1 , 
MDP , 3 , 1 , 0.5 , 0.5 , 10 , 2 , 10000 , 1 , 0.469204 , 1 , 1 , 1 , 1 , 
MDP , 3 , 1 , 0.5 , 0.5 , 10 , 2 , 10000 , 1 , 0.580645 , 1 , 1 , 1 , 1 , 
MDP , 3 , 1 , 0.5 , 0.5 , 10 , 2 , 10000 , 1 , 0.511364 , 2 , 3 , 1 , 1 , 
MDP , 3 , 1 , 0.5 , 0.5 , 10 , 2 , 10000 , 1 , 0.450494 , 2 , 3 , 1 , 1 , 
MDP , 3 , 1 , 0.5 , 0.5 , 10 , 2 , 10000 , 1 , 0.113784 , 1 , 4 , 1 , 1 , 
MDP , 3 , 1 , 0.5 , 0.5 , 10 , 2 , 10000 , 1 , 0.868455 , 3 , 1 , 1 , 1 , 
MDP , 3 , 1 , 0.5 , 0.5 , 10 , 2 , 10000 , 1 , 0.197917 , 1 , 3 , 1 , 1 , 
MDP , 3 , 1 , 0.5 , 0.5 , 10 , 2 , 10000 , 1 , 0.333333 , 1 , 2 , 1 , 1 , 
MDP , 3 , 1 , 0.5 , 0.5 , 10 , 2 , 10000 , 1 , 0.517647 , 3 , 4 , 1 , 1 , 
MDP , 3 , 1 , 0.5 , 0.5 , 10 , 2 , 10000 , 1 , 0.317597 , 1 , 2 , 1 , 1 , 
MDP , 3 , 1 , 0.5 , 0.5 , 10 , 2 , 10000 , 1 , 0.311111 , 1 , 2 , 1 , 1 , 
MDP , 3 , 1 , 0.5 , 0.5 , 10 , 2 , 10000 , 1 , 0.594336 , 2 , 2 , 1 , 1 , 
MDP , 3 , 1 , 0.5 , 0.5 , 10 , 2 , 10000 , 1 , 0.87268 , 3 , 1 , 1 , 1 , 
MDP , 3 , 1 , 0.5 , 0.5 , 10 , 2 , 10000 , 1 , 0.896907 , 3 , 1 , 1 , 1 , 
MDP , 3 , 1 , 0.5 , 0.5 , 10 , 2 , 10000 , 1 , 0.741062 , 2 , 1 , 1 , 1 , 
MDP , 3 , 1 , 0.5 , 0.5 , 10 , 2 , 10000 , 1 , 0.568421 , 2 , 2 , 1 , 1 , 
MDP , 3 , 1 , 0.5 , 0.5 , 10 , 2 , 10000 , 1 , 0.545236 , 3 , 4 , 1 , 1 , 
MDP , 3 , 1 , 0.55 , 0.55 , 10 , 2 , 10000 , 1 , 0.967339 , 5 , 1 , 1 , 1 , 
MDP , 3 , 1 , 0.55 , 0.55 , 10 , 2 , 10000 , 1 , 0.927083 , 3 , 1 , 1 , 1 , 
MDP , 3 , 1 , 0.55 , 0.55 , 10 , 2 , 10000 , 1 , 0.108556 , 1 , 4 , 1 , 1 , 
MDP , 3 , 1 , 0.55 , 0.55 , 10 , 2 , 10000 , 1 , 0.530376 , 3 , 4 , 1 , 1 , 
MDP , 3 , 1 , 0.55 , 0.55 , 10 , 2 , 10000 , 1 , 0.119555 , 1 , 4 , 1 , 1 , 
MDP , 3 , 1 , 0.55 , 0.55 , 10 , 2 , 10000 , 1 , 0.855556 , 4 , 2 , 1 , 1 , 
MDP , 3 , 1 , 0.55 , 0.55 , 10 , 2 , 10000 , 1 , 0.446641 , 2 , 3 , 1 , 1 , 
MDP , 3 , 1 , 0.55 , 0.55 , 10 , 2 , 10000 , 1 , 0.20202 , 1 , 3 , 1 , 1 , 
MDP , 3 , 1 , 0.55 , 0.55 , 10 , 2 , 10000 , 1 , 0.93245 , 4 , 1 , 1 , 1 , 
MDP , 3 , 1 , 0.55 , 0.55 , 10 , 2 , 10000 , 1 , 0.989691 , 5 , 2 , 1 , 1 , 
MDP , 3 , 1 , 0.55 , 0.55 , 10 , 2 , 10000 , 1 , 0.306065 , 1 , 2 , 1 , 1 , 
MDP , 3 , 1 , 0.55 , 0.55 , 10 , 2 , 10000 , 1 , 0.597599 , 2 , 2 , 1 , 1 , 
MDP , 3 , 1 , 0.55 , 0.55 , 10 , 2 , 10000 , 1 , 0.276596 , 1 , 2 , 1 , 1 , 
MDP , 3 , 1 , 0.55 , 0.55 , 10 , 2 , 10000 , 1 , 0.870035 , 3 , 1 , 1 , 1 , 
MDP , 3 , 1 , 0.55 , 0.55 , 10 , 2 , 10000 , 1 , 0.622222 , 3 , 4 , 1 , 1 , 
MDP , 3 , 1 , 0.55 , 0.55 , 10 , 2 , 10000 , 1 , 0.311892 , 2 , 4 , 1 , 1 , 
MDP , 3 , 1 , 0.55 , 0.55 , 10 , 2 , 10000 , 1 , 0.918367 , 3 , 1 , 1 , 1 , 
MDP , 3 , 1 , 0.55 , 0.55 , 10 , 2 , 10000 , 1 , 0.313032 , 1 , 2 , 1 , 1 , 
MDP , 3 , 1 , 0.55 , 0.55 , 10 , 2 , 10000 , 1 , 0.989583 , 5 , 1 , 1 , 1 , 
MDP , 3 , 1 , 0.55 , 0.55 , 10 , 2 , 10000 , 1 , 0.648352 , 2 , 2 , 1 , 1 , 
MDP , 3 , 1 , 0.55 , 0.55 , 10 , 2 , 10000 , 1 , 0.866667 , 3 , 2 , 1 , 1 , 
MDP , 3 , 1 , 0.55 , 0.55 , 10 , 2 , 10000 , 1 , 0.120084 , 1 , 4 , 1 , 1 , 
MDP , 3 , 1 , 0.55 , 0.55 , 10 , 2 , 10000 , 1 , 0.409507 , 3 , 5 , 1 , 1 , 
MDP , 3 , 1 , 0.55 , 0.55 , 10 , 2 , 10000 , 1 , 0.309212 , 1 , 2 , 1 , 1 , 
MDP , 3 , 1 , 0.55 , 0.55 , 10 , 2 , 10000 , 1 , 0.447519 , 2 , 3 , 1 , 1 , 
MDP , 3 , 1 , 0.55 , 0.55 , 10 , 2 , 10000 , 1 , 0.640449 , 2 , 2 , 1 , 1 , 
MDP , 3 , 1 , 0.55 , 0.55 , 10 , 2 , 10000 , 1 , 0.863636 , 4 , 2 , 1 , 1 , 
MDP , 3 , 1 , 0.55 , 0.55 , 10 , 2 , 10000 , 1 , 0.986576 , 7 , 2 , 1 , 1 , 
MDP , 3 , 1 , 0.55 , 0.55 , 10 , 2 , 10000 , 1 , 0.94316 , 5 , 2 , 1 , 1 , 
MDP , 3 , 1 , 0.55 , 0.55 , 10 , 2 , 10000 , 1 , 0.81178 , 4 , 3 , 1 , 1 , 
MDP , 3 , 1 , 0.55 , 0.55 , 10 , 2 , 10000 , 1 , 0.87407 , 3 , 1 , 1 , 1 , 
MDP , 3 , 1 , 0.55 , 0.55 , 10 , 2 , 10000 , 1 , 0.213462 , 2 , 5 , 1 , 1 , 
MDP , 3 , 1 , 0.55 , 0.55 , 10 , 2 , 10000 , 1 , 0.03125 , 1 , 5 , 1 , 1 , 
MDP , 3 , 1 , 0.55 , 0.55 , 10 , 2 , 10000 , 1 , 0.516484 , 2 , 2 , 1 , 1 , 
MDP , 3 , 1 , 0.55 , 0.55 , 10 , 2 , 10000 , 1 , 0.783365 , 3 , 2 , 1 , 1 , 
MDP , 3 , 1 , 0.55 , 0.55 , 10 , 2 , 10000 , 1 , 0.0406413 , 1 , 6 , 1 , 1 , 
MDP , 3 , 1 , 0.55 , 0.55 , 10 , 2 , 10000 , 1 , 0.823529 , 3 , 2 , 1 , 1 , 
MDP , 3 , 1 , 0.55 , 0.55 , 10 , 2 , 10000 , 1 , 0.577778 , 2 , 2 , 1 , 1 , 
MDP , 3 , 1 , 0.55 , 0.55 , 10 , 2 , 10000 , 1 , 0.852273 , 3 , 1 , 1 , 1 , 
MDP , 3 , 1 , 0.55 , 0.55 , 10 , 2 , 10000 , 1 , 0.461347 , 1 , 1 , 1 , 1 , 
MDP , 3 , 1 , 0.55 , 0.55 , 10 , 2 , 10000 , 1 , 0.546512 , 2 , 2 , 1 , 1 , 
MDP , 3 , 1 , 0.55 , 0.55 , 10 , 2 , 10000 , 1 , 0.96875 , 6 , 1 , 1 , 1 , 
MDP , 3 , 1 , 0.55 , 0.55 , 10 , 2 , 10000 , 1 , 0.902174 , 3 , 1 , 1 , 1 , 
MDP , 3 , 1 , 0.55 , 0.55 , 10 , 2 , 10000 , 1 , 0.58819 , 2 , 2 , 1 , 1 , 
MDP , 3 , 1 , 0.55 , 0.55 , 10 , 2 , 10000 , 1 , 0.870276 , 3 , 1 , 1 , 1 , 
MDP , 3 , 1 , 0.55 , 0.55 , 10 , 2 , 10000 , 1 , 0.14586 , 2 , 6 , 1 , 1 , 
MDP , 3 , 1 , 0.55 , 0.55 , 10 , 2 , 10000 , 1 , 0.918367 , 3 , 1 , 1 , 1 , 
MDP , 3 , 1 , 0.55 , 0.55 , 10 , 2 , 10000 , 1 , 0.777606 , 3 , 2 , 1 , 1 , 
MDP , 3 , 1 , 0.55 , 0.55 , 10 , 2 , 10000 , 1 , 0.336842 , 1 , 2 , 1 , 1 , 
MDP , 3 , 1 , 0.55 , 0.55 , 10 , 2 , 10000 , 1 , 0.234043 , 1 , 2 , 1 , 1 , 
MDP , 3 , 1 , 0.55 , 0.55 , 10 , 2 , 10000 , 1 , 0.673913 , 2 , 2 , 1 , 1 , 
MDP , 3 , 1 , 0.55 , 0.55 , 10 , 2 , 10000 , 1 , 0.465884 , 1 , 1 , 1 , 1 , 
MDP , 3 , 1 , 0.55 , 0.55 , 10 , 2 , 10000 , 1 , 0.619565 , 3 , 3 , 1 , 1 , 
MDP , 3 , 1 , 0.55 , 0.55 , 10 , 2 , 10000 , 1 , 0.211949 , 2 , 5 , 1 , 1 , 
MDP , 3 , 1 , 0.55 , 0.55 , 10 , 2 , 10000 , 1 , 0.609358 , 2 , 2 , 1 , 1 , 
MDP , 3 , 1 , 0.55 , 0.55 , 10 , 2 , 10000 , 1 , 0.192862 , 1 , 3 , 1 , 1 , 
MDP , 3 , 1 , 0.55 , 0.55 , 10 , 2 , 10000 , 1 , 0.51087 , 2 , 3 , 1 , 1 , 
MDP , 3 , 1 , 0.55 , 0.55 , 10 , 2 , 10000 , 1 , 0.27957 , 1 , 2 , 1 , 1 , 
MDP , 3 , 1 , 0.55 , 0.55 , 10 , 2 , 10000 , 1 , 0.702128 , 3 , 2 , 1 , 1 , 
MDP , 3 , 1 , 0.55 , 0.55 , 10 , 2 , 10000 , 1 , 0.880435 , 4 , 2 , 1 , 1 , 
MDP , 3 , 1 , 0.55 , 0.55 , 10 , 2 , 10000 , 1 , 0.735853 , 2 , 1 , 1 , 1 , 
MDP , 3 , 1 , 0.55 , 0.55 , 10 , 2 , 10000 , 1 , 0.0700795 , 1 , 5 , 1 , 1 , 
MDP , 3 , 1 , 0.55 , 0.55 , 10 , 2 , 10000 , 1 , 0.312472 , 2 , 4 , 1 , 1 , 
MDP , 3 , 1 , 0.55 , 0.55 , 10 , 2 , 10000 , 1 , 0.617978 , 2 , 2 , 1 , 1 , 
MDP , 3 , 1 , 0.55 , 0.55 , 10 , 2 , 10000 , 1 , 0.730542 , 2 , 1 , 1 , 1 , 
MDP , 3 , 1 , 0.55 , 0.55 , 10 , 2 , 10000 , 1 , 0.306319 , 2 , 4 , 1 , 1 , 
MDP , 3 , 1 , 0.55 , 0.55 , 10 , 2 , 10000 , 1 , 0.116707 , 1 , 4 , 1 , 1 , 
MDP , 3 , 1 , 0.55 , 0.55 , 10 , 2 , 10000 , 1 , 0.568182 , 2 , 2 , 1 , 1 , 
MDP , 3 , 1 , 0.55 , 0.55 , 10 , 2 , 10000 , 1 , 0.615385 , 2 , 2 , 1 , 1 , 
MDP , 3 , 1 , 0.55 , 0.55 , 10 , 2 , 10000 , 1 , 0.255319 , 1 , 3 , 1 , 1 , 
MDP , 3 , 1 , 0.55 , 0.55 , 10 , 2 , 10000 , 1 , 0.884506 , 4 , 2 , 1 , 1 , 
MDP , 3 , 1 , 0.55 , 0.55 , 10 , 2 , 10000 , 1 , 0.323425 , 2 , 4 , 1 , 1 , 
MDP , 3 , 1 , 0.55 , 0.55 , 10 , 2 , 10000 , 1 , 0.784677 , 3 , 2 , 1 , 1 , 
MDP , 3 , 1 , 0.55 , 0.55 , 10 , 2 , 10000 , 1 , 0.0686913 , 1 , 5 , 1 , 1 , 
MDP , 3 , 1 , 0.55 , 0.55 , 10 , 2 , 10000 , 1 , 0.303419 , 1 , 2 , 1 , 1 , 
MDP , 3 , 1 , 0.55 , 0.55 , 10 , 2 , 10000 , 1 , 0.444184 , 2 , 3 , 1 , 1 , 
MDP , 3 , 1 , 0.55 , 0.55 , 10 , 2 , 10000 , 1 , 0.739498 , 2 , 1 , 1 , 1 , 
MDP , 3 , 1 , 0.55 , 0.55 , 10 , 2 , 10000 , 1 , 0.777692 , 3 , 2 , 1 , 1 , 
MDP , 3 , 1 , 0.55 , 0.55 , 10 , 2 , 10000 , 1 , 0.581395 , 3 , 4 , 1 , 1 , 
MDP , 3 , 1 , 0.55 , 0.55 , 10 , 2 , 10000 , 1 , 0.927835 , 4 , 1 , 1 , 1 , 
MDP , 3 , 1 , 0.55 , 0.55 , 10 , 2 , 10000 , 1 , 0.864583 , 4 , 1 , 1 , 1 , 
MDP , 3 , 1 , 0.55 , 0.55 , 10 , 2 , 10000 , 1 , 0.282609 , 1 , 2 , 1 , 1 , 
MDP , 3 , 1 , 0.55 , 0.55 , 10 , 2 , 10000 , 1 , 0.414479 , 3 , 5 , 1 , 1 , 
MDP , 3 , 1 , 0.55 , 0.55 , 10 , 2 , 10000 , 1 , 0.871079 , 3 , 1 , 1 , 1 , 
MDP , 3 , 1 , 0.55 , 0.55 , 10 , 2 , 10000 , 1 , 0.808511 , 3 , 1 , 1 , 1 , 
MDP , 3 , 1 , 0.55 , 0.55 , 10 , 2 , 10000 , 1 , 0.592984 , 2 , 2 , 1 , 1 , 
MDP , 3 , 1 , 0.55 , 0.55 , 10 , 2 , 10000 , 1 , 0.599332 , 2 , 2 , 1 , 1 , 
MDP , 3 , 1 , 0.55 , 0.55 , 10 , 2 , 10000 , 1 , 0.589044 , 2 , 2 , 1 , 1 , 
MDP , 3 , 1 , 0.55 , 0.55 , 10 , 2 , 10000 , 1 , 0.592221 , 2 , 2 , 1 , 1 , 
MDP , 3 , 1 , 0.55 , 0.55 , 10 , 2 , 10000 , 1 , 0.465443 , 1 , 1 , 1 , 1 , 
MDP , 3 , 1 , 0.55 , 0.55 , 10 , 2 , 10000 , 1 , 0.885039 , 4 , 2 , 1 , 1 , 
MDP , 3 , 1 , 0.55 , 0.55 , 10 , 2 , 10000 , 1 , 0.188693 , 1 , 3 , 1 , 1 , 
MDP , 3 , 1 , 0.55 , 0.55 , 10 , 2 , 10000 , 1 , 0.666365 , 3 , 3 , 1 , 1 , 
MDP , 3 , 1 , 0.55 , 0.55 , 10 , 2 , 10000 , 1 , 0.598798 , 2 , 2 , 1 , 1 , 
MDP , 3 , 1 , 0.55 , 0.55 , 10 , 2 , 10000 , 1 , 0.720446 , 4 , 4 , 1 , 1 , 
MDP , 3 , 1 , 0.55 , 0.55 , 10 , 2 , 10000 , 1 , 0.769368 , 3 , 2 , 1 , 1 , 
MDP , 3 , 1 , 0.55 , 0.55 , 10 , 2 , 10000 , 1 , 0.782267 , 3 , 2 , 1 , 1 , 
MDP , 3 , 1 , 0.55 , 0.55 , 10 , 2 , 10000 , 1 , 0.835165 , 3 , 2 , 1 , 1 , 
MDP , 3 , 1 , 0.55 , 0.55 , 10 , 2 , 10000 , 1 , 0.593407 , 2 , 2 , 1 , 1 , 
MDP , 3 , 1 , 0.55 , 0.55 , 10 , 2 , 10000 , 1 , 0.888112 , 4 , 2 , 1 , 1 , 
MDP , 3 , 1 , 0.6 , 0.6 , 10 , 2 , 10000 , 1 , 0.967339 , 5 , 1 , 1 , 1 , 
MDP , 3 , 1 , 0.6 , 0.6 , 10 , 2 , 10000 , 1 , 0.927083 , 3 , 1 , 1 , 1 , 
MDP , 3 , 1 , 0.6 , 0.6 , 10 , 2 , 10000 , 1 , 0.108556 , 1 , 4 , 1 , 1 , 
MDP , 3 , 1 , 0.6 , 0.6 , 10 , 2 , 10000 , 1 , 0.530376 , 3 , 4 , 1 , 1 , 
MDP , 3 , 1 , 0.6 , 0.6 , 10 , 2 , 10000 , 1 , 0.119555 , 1 , 4 , 1 , 1 , 
MDP , 3 , 1 , 0.6 , 0.6 , 10 , 2 , 10000 , 1 , 0.855556 , 4 , 2 , 1 , 1 , 
MDP , 3 , 1 , 0.6 , 0.6 , 10 , 2 , 10000 , 1 , 0.446641 , 2 , 3 , 1 , 1 , 
MDP , 3 , 1 , 0.6 , 0.6 , 10 , 2 , 10000 , 1 , 0.20202 , 1 , 3 , 1 , 1 , 
MDP , 3 , 1 , 0.6 , 0.6 , 10 , 2 , 10000 , 1 , 0.93245 , 4 , 1 , 1 , 1 , 
MDP , 3 , 1 , 0.6 , 0.6 , 10 , 2 , 10000 , 1 , 0.989691 , 5 , 2 , 1 , 1 , 
MDP , 3 , 1 , 0.6 , 0.6 , 10 , 2 , 10000 , 1 , 0.306065 , 1 , 2 , 1 , 1 , 
MDP , 3 , 1 , 0.6 , 0.6 , 10 , 2 , 10000 , 1 , 0.597599 , 2 , 2 , 1 , 1 , 
MDP , 3 , 1 , 0.6 , 0.6 , 10 , 2 , 10000 , 1 , 0.276596 , 1 , 2 , 1 , 1 , 
MDP , 3 , 1 , 0.6 , 0.6 , 10 , 2 , 10000 , 1 , 0.870035 , 3 , 1 , 1 , 1 , 
MDP , 3 , 1 , 0.6 , 0.6 , 10 , 2 , 10000 , 1 , 0.806513 , 4 , 3 , 1 , 1 , 
MDP , 3 , 1 , 0.6 , 0.6 , 10 , 2 , 10000 , 1 , 0.888769 , 4 , 2 , 1 , 1 , 
MDP , 3 , 1 , 0.6 , 0.6 , 10 , 2 , 10000 , 1 , 0.599358 , 2 , 2 , 1 , 1 , 
MDP , 3 , 1 , 0.6 , 0.6 , 10 , 2 , 10000 , 1 , 0.723612 , 2 , 1 , 1 , 1 , 
MDP , 3 , 1 , 0.6 , 0.6 , 10 , 2 , 10000 , 1 , 0.829787 , 3 , 1 , 1 , 1 , 
MDP , 3 , 1 , 0.6 , 0.6 , 10 , 2 , 10000 , 1 , 0.768421 , 2 , 1 , 1 , 1 , 
MDP , 3 , 1 , 0.6 , 0.6 , 10 , 2 , 10000 , 1 , 0.860465 , 3 , 1 , 1 , 1 , 
MDP , 3 , 1 , 0.6 , 0.6 , 10 , 2 , 10000 , 1 , 0.590909 , 2 , 2 , 1 , 1 , 
MDP , 3 , 1 , 0.6 , 0.6 , 10 , 2 , 10000 , 1 , 0.967033 , 5 , 2 , 1 , 1 , 
MDP , 3 , 1 , 0.6 , 0.6 , 10 , 2 , 10000 , 1 , 0.265957 , 2 , 4 , 1 , 1 , 
MDP , 3 , 1 , 0.6 , 0.6 , 10 , 2 , 10000 , 1 , 0.847826 , 4 , 2 , 1 , 1 , 
MDP , 3 , 1 , 0.6 , 0.6 , 10 , 2 , 10000 , 1 , 0.868132 , 4 , 1 , 1 , 1 , 
MDP , 3 , 1 , 0.6 , 0.6 , 10 , 2 , 10000 , 1 , 0.722071 , 2 , 1 , 1 , 1 , 
MDP , 3 , 1 , 0.6 , 0.6 , 10 , 2 , 10000 , 1 , 0.464432 , 1 , 1 , 1 , 1 , 
MDP , 3 , 1 , 0.6 , 0.6 , 10 , 2 , 10000 , 1 , 0.598911 , 2 , 2 , 1 , 1 , 
MDP , 3 , 1 , 0.6 , 0.6 , 10 , 2 , 10000 , 1 , 0.780007 , 3 , 2 , 1 , 1 , 
MDP , 3 , 1 , 0.6 , 0.6 , 10 , 2 , 10000 , 1 , 0.593757 , 2 , 2 , 1 , 1 , 
MDP , 3 , 1 , 0.6 , 0.6 , 10 , 2 , 10000 , 1 , 0.783186 , 3 , 2 , 1 , 1 , 
MDP , 3 , 1 , 0.6 , 0.6 , 10 , 2 , 10000 , 1 , 0.455257 , 1 , 1 , 1 , 1 , 
MDP , 3 , 1 , 0.6 , 0.6 , 10 , 2 , 10000 , 1 , 0.671217 , 3 , 3 , 1 , 1 , 
MDP , 3 , 1 , 0.6 , 0.6 , 10 , 2 , 10000 , 1 , 0.739111 , 2 , 1 , 1 , 1 , 
MDP , 3 , 1 , 0.6 , 0.6 , 10 , 2 , 10000 , 1 , 0.867692 , 3 , 1 , 1 , 1 , 
MDP , 3 , 1 , 0.6 , 0.6 , 10 , 2 , 10000 , 1 , 0.329545 , 1 , 2 , 1 , 1 , 
MDP , 3 , 1 , 0.6 , 0.6 , 10 , 2 , 10000 , 1 , 0.586207 , 2 , 2 , 1 , 1 , 
MDP , 3 , 1 , 0.6 , 0.6 , 10 , 2 , 10000 , 1 , 0.388235 , 2 , 3 , 1 , 1 , 
MDP , 3 , 1 , 0.6 , 0.6 , 10 , 2 , 10000 , 1 , 0.983433 , 6 , 1 , 1 , 1 , 
MDP , 3 , 1 , 0.6 , 0.6 , 10 , 2 , 10000 , 1 , 0.784181 , 3 , 2 , 1 , 1 , 
MDP , 3 , 1 , 0.6 , 0.6 , 10 , 2 , 10000 , 1 , 0.73494 , 3 , 3 , 1 , 1 , 
MDP , 3 , 1 , 0.6 , 0.6 , 10 , 2 , 10000 , 1 , 0.603107 , 2 , 2 , 1 , 1 , 
MDP , 3 , 1 , 0.6 , 0.6 , 10 , 2 , 10000 , 1 , 0.869378 , 3 , 1 , 1 , 1 , 
MDP , 3 , 1 , 0.6 , 0.6 , 10 , 2 , 10000 , 1 , 0.77753 , 3 , 2 , 1 , 1 , 
MDP , 3 , 1 , 0.6 , 0.6 , 10 , 2 , 10000 , 1 , 0.662637 , 3 , 3 , 1 , 1 , 
MDP , 3 , 1 , 0.6 , 0.6 , 10 , 2 , 10000 , 1 , 0.802198 , 3 , 2 , 1 , 1 , 
MDP , 3 , 1 , 0.6 , 0.6 , 10 , 2 , 10000 , 1 , 0.659546 , 3 , 3 , 1 , 1 , 
MDP , 3 , 1 , 0.6 , 0.6 , 10 , 2 , 10000 , 1 , 0.309234 , 1 , 2 , 1 , 1 , 
MDP , 3 , 1 , 0.6 , 0.6 , 10 , 2 , 10000 , 1 , 0.87014 , 3 , 1 , 1 , 1 , 
MDP , 3 , 1 , 0.6 , 0.6 , 10 , 2 , 10000 , 1 , 0.933552 , 4 , 1 , 1 , 1 , 
MDP , 3 , 1 , 0.6 , 0.6 , 10 , 2 , 10000 , 1 , 0.481481 , 2 , 2 , 1 , 1 , 
MDP , 3 , 1 , 0.6 , 0.6 , 10 , 2 , 10000 , 1 , 0.462366 , 1 , 1 , 1 , 1 , 
MDP , 3 , 1 , 0.6 , 0.6 , 10 , 2 , 10000 , 1 , 0.811765 , 3 , 2 , 1 , 1 , 
MDP , 3 , 1 , 0.6 , 0.6 , 10 , 2 , 10000 , 1 , 0.938121 , 4 , 1 , 1 , 1 , 
MDP , 3 , 1 , 0.6 , 0.6 , 10 , 2 , 10000 , 1 , 0.489362 , 1 , 1 , 1 , 1 , 
MDP , 3 , 1 , 0.6 , 0.6 , 10 , 2 , 10000 , 1 , 0.312521 , 2 , 4 , 1 , 1 , 
MDP , 3 , 1 , 0.6 , 0.6 , 10 , 2 , 10000 , 1 , 0.44186 , 2 , 3 , 1 , 1 , 
MDP , 3 , 1 , 0.6 , 0.6 , 10 , 2 , 10000 , 1 , 0.735478 , 2 , 1 , 1 , 1 , 
MDP , 3 , 1 , 0.6 , 0.6 , 10 , 2 , 10000 , 1 , 0.733787 , 2 , 1 , 1 , 1 , 
MDP , 3 , 1 , 0.6 , 0.6 , 10 , 2 , 10000 , 1 , 0.460099 , 1 , 1 , 1 , 1 , 
MDP , 3 , 1 , 0.6 , 0.6 , 10 , 2 , 10000 , 1 , 0.307758 , 1 , 2 , 1 , 1 , 
MDP , 3 , 1 , 0.6 , 0.6 , 10 , 2 , 10000 , 1 , 0.777864 , 3 , 2 , 1 , 1 , 
MDP , 3 , 1 , 0.6 , 0.6 , 10 , 2 , 10000 , 1 , 0.868132 , 3 , 2 , 1 , 1 , 
MDP , 3 , 1 , 0.6 , 0.6 , 10 , 2 , 10000 , 1 , 0.786943 , 3 , 2 , 1 , 1 , 
MDP , 3 , 1 , 0.6 , 0.6 , 10 , 2 , 10000 , 1 , 0.742692 , 2 , 1 , 1 , 1 , 
MDP , 3 , 1 , 0.6 , 0.6 , 10 , 2 , 10000 , 1 , 0.616279 , 2 , 2 , 1 , 1 , 
MDP , 3 , 1 , 0.6 , 0.6 , 10 , 2 , 10000 , 1 , 0.889119 , 4 , 2 , 1 , 1 , 
MDP , 3 , 1 , 0.6 , 0.6 , 10 , 2 , 10000 , 1 , 0.444284 , 2 , 3 , 1 , 1 , 
MDP , 3 , 1 , 0.6 , 0.6 , 10 , 2 , 10000 , 1 , 0.730002 , 2 , 1 , 1 , 1 , 
MDP , 3 , 1 , 0.6 , 0.6 , 10 , 2 , 10000 , 1 , 0.876776 , 3 , 1 , 1 , 1 , 
MDP , 3 , 1 , 0.6 , 0.6 , 10 , 2 , 10000 , 1 , 0.73913 , 2 , 1 , 1 , 1 , 
MDP , 3 , 1 , 0.6 , 0.6 , 10 , 2 , 10000 , 1 , 0.184593 , 1 , 3 , 1 , 1 , 
MDP , 3 , 1 , 0.6 , 0.6 , 10 , 2 , 10000 , 1 , 0.590929 , 2 , 2 , 1 , 1 , 
MDP , 3 , 1 , 0.6 , 0.6 , 10 , 2 , 10000 , 1 , 0.717391 , 3 , 2 , 1 , 1 , 
MDP , 3 , 1 , 0.6 , 0.6 , 10 , 2 , 10000 , 1 , 0.473684 , 1 , 1 , 1 , 1 , 
MDP , 3 , 1 , 0.6 , 0.6 , 10 , 2 , 10000 , 1 , 0.88792 , 4 , 2 , 1 , 1 , 
MDP , 3 , 1 , 0.6 , 0.6 , 10 , 2 , 10000 , 1 , 0.784826 , 3 , 2 , 1 , 1 , 
MDP , 3 , 1 , 0.6 , 0.6 , 10 , 2 , 10000 , 1 , 0.89272 , 5 , 3 , 1 , 1 , 
MDP , 3 , 1 , 0.6 , 0.6 , 10 , 2 , 10000 , 1 , 0.911111 , 3 , 1 , 1 , 1 , 
MDP , 3 , 1 , 0.6 , 0.6 , 10 , 2 , 10000 , 1 , 0.466174 , 1 , 1 , 1 , 1 , 
MDP , 3 , 1 , 0.6 , 0.6 , 10 , 2 , 10000 , 1 , 0.315217 , 1 , 2 , 1 , 1 , 
MDP , 3 , 1 , 0.6 , 0.6 , 10 , 2 , 10000 , 1 , 0.58924 , 2 , 2 , 1 , 1 , 
MDP , 3 , 1 , 0.6 , 0.6 , 10 , 2 , 10000 , 1 , 0.75 , 3 , 2 , 1 , 1 , 
MDP , 3 , 1 , 0.6 , 0.6 , 10 , 2 , 10000 , 1 , 0.937068 , 4 , 1 , 1 , 1 , 
MDP , 3 , 1 , 0.6 , 0.6 , 10 , 2 , 10000 , 1 , 0.58922 , 2 , 2 , 1 , 1 , 
MDP , 3 , 1 , 0.6 , 0.6 , 10 , 2 , 10000 , 1 , 0.741573 , 2 , 1 , 1 , 1 , 
MDP , 3 , 1 , 0.6 , 0.6 , 10 , 2 , 10000 , 1 , 0.376344 , 1 , 2 , 1 , 1 , 
MDP , 3 , 1 , 0.6 , 0.6 , 10 , 2 , 10000 , 1 , 0.835165 , 3 , 2 , 1 , 1 , 
MDP , 3 , 1 , 0.6 , 0.6 , 10 , 2 , 10000 , 1 , 0.892938 , 4 , 2 , 1 , 1 , 
MDP , 3 , 1 , 0.6 , 0.6 , 10 , 2 , 10000 , 1 , 0.811578 , 4 , 3 , 1 , 1 , 
MDP , 3 , 1 , 0.6 , 0.6 , 10 , 2 , 10000 , 1 , 0.874514 , 3 , 1 , 1 , 1 , 
MDP , 3 , 1 , 0.6 , 0.6 , 10 , 2 , 10000 , 1 , 0.778321 , 3 , 2 , 1 , 1 , 
MDP , 3 , 1 , 0.6 , 0.6 , 10 , 2 , 10000 , 1 , 0.885417 , 3 , 1 , 1 , 1 , 
MDP , 3 , 1 , 0.6 , 0.6 , 10 , 2 , 10000 , 1 , 0.306133 , 1 , 2 , 1 , 1 , 
MDP , 3 , 1 , 0.6 , 0.6 , 10 , 2 , 10000 , 1 , 0.874635 , 3 , 1 , 1 , 1 , 
MDP , 3 , 1 , 0.6 , 0.6 , 10 , 2 , 10000 , 1 , 0.447665 , 2 , 3 , 1 , 1 , 
MDP , 3 , 1 , 0.6 , 0.6 , 10 , 2 , 10000 , 1 , 0.67033 , 3 , 3 , 1 , 1 , 
MDP , 3 , 1 , 0.6 , 0.6 , 10 , 2 , 10000 , 1 , 0.824176 , 4 , 3 , 1 , 1 , 
MDP , 3 , 1 , 0.6 , 0.6 , 10 , 2 , 10000 , 1 , 0.730597 , 2 , 1 , 1 , 1 , 
MDP , 3 , 1 , 0.65 , 0.65 , 10 , 2 , 10000 , 1 , 0.967339 , 5 , 1 , 1 , 1 , 
MDP , 3 , 1 , 0.65 , 0.65 , 10 , 2 , 10000 , 1 , 0.927083 , 3 , 1 , 1 , 1 , 
MDP , 3 , 1 , 0.65 , 0.65 , 10 , 2 , 10000 , 1 , 0.108556 , 1 , 4 , 1 , 1 , 
MDP , 3 , 1 , 0.65 , 0.65 , 10 , 2 , 10000 , 1 , 0.905541 , 5 , 3 , 1 , 1 , 
MDP , 3 , 1 , 0.65 , 0.65 , 10 , 2 , 10000 , 1 , 0.831461 , 3 , 1 , 1 , 1 , 
MDP , 3 , 1 , 0.65 , 0.65 , 10 , 2 , 10000 , 1 , 0.96875 , 4 , 1 , 1 , 1 , 
MDP , 3 , 1 , 0.65 , 0.65 , 10 , 2 , 10000 , 1 , 0.947116 , 5 , 2 , 1 , 1 , 
MDP , 3 , 1 , 0.65 , 0.65 , 10 , 2 , 10000 , 1 , 0.779823 , 3 , 2 , 1 , 1 , 
MDP , 3 , 1 , 0.65 , 0.65 , 10 , 2 , 10000 , 1 , 0.625 , 2 , 2 , 1 , 1 , 
MDP , 3 , 1 , 0.65 , 0.65 , 10 , 2 , 10000 , 1 , 0.58427 , 2 , 2 , 1 , 1 , 
MDP , 3 , 1 , 0.65 , 0.65 , 10 , 2 , 10000 , 1 , 0.874716 , 3 , 1 , 1 , 1 , 
MDP , 3 , 1 , 0.65 , 0.65 , 10 , 2 , 10000 , 1 , 0.804348 , 3 , 1 , 1 , 1 , 
MDP , 3 , 1 , 0.65 , 0.65 , 10 , 2 , 10000 , 1 , 0.873157 , 3 , 1 , 1 , 1 , 
MDP , 3 , 1 , 0.65 , 0.65 , 10 , 2 , 10000 , 1 , 0.588889 , 2 , 2 , 1 , 1 , 
MDP , 3 , 1 , 0.65 , 0.65 , 10 , 2 , 10000 , 1 , 0.774953 , 3 , 2 , 1 , 1 , 
MDP , 3 , 1 , 0.65 , 0.65 , 10 , 2 , 10000 , 1 , 0.589538 , 2 , 2 , 1 , 1 , 
MDP , 3 , 1 , 0.65 , 0.65 , 10 , 2 , 10000 , 1 , 0.467949 , 1 , 1 , 1 , 1 , 
MDP , 3 , 1 , 0.65 , 0.65 , 10 , 2 , 10000 , 1 , 0.681319 , 2 , 2 , 1 , 1 , 
MDP , 3 , 1 , 0.65 , 0.65 , 10 , 2 , 10000 , 1 , 0.468274 , 1 , 1 , 1 , 1 , 
MDP , 3 , 1 , 0.65 , 0.65 , 10 , 2 , 10000 , 1 , 0.76087 , 3 , 2 , 1 , 1 , 
MDP , 3 , 1 , 0.65 , 0.65 , 10 , 2 , 10000 , 1 , 0.835165 , 3 , 1 , 1 , 1 , 
MDP , 3 , 1 , 0.65 , 0.65 , 10 , 2 , 10000 , 1 , 0.811298 , 4 , 3 , 1 , 1 , 
MDP , 3 , 1 , 0.65 , 0.65 , 10 , 2 , 10000 , 1 , 0.989899 , 5 , 1 , 1 , 1 , 
MDP , 3 , 1 , 0.65 , 0.65 , 10 , 2 , 10000 , 1 , 0.576087 , 2 , 2 , 1 , 1 , 
MDP , 3 , 1 , 0.65 , 0.65 , 10 , 2 , 10000 , 1 , 0.913978 , 4 , 2 , 1 , 1 , 
MDP , 3 , 1 , 0.65 , 0.65 , 10 , 2 , 10000 , 1 , 0.871107 , 3 , 1 , 1 , 1 , 
MDP , 3 , 1 , 0.65 , 0.65 , 10 , 2 , 10000 , 1 , 0.192662 , 1 , 3 , 1 , 1 , 
MDP , 3 , 1 , 0.65 , 0.65 , 10 , 2 , 10000 , 1 , 0.758242 , 2 , 1 , 1 , 1 , 
MDP , 3 , 1 , 0.65 , 0.65 , 10 , 2 , 10000 , 1 , 0.782165 , 3 , 2 , 1 , 1 , 
MDP , 3 , 1 , 0.65 , 0.65 , 10 , 2 , 10000 , 1 , 0.445373 , 2 , 3 , 1 , 1 , 
MDP , 3 , 1 , 0.65 , 0.65 , 10 , 2 , 10000 , 1 , 0.309783 , 2 , 4 , 1 , 1 , 
MDP , 3 , 1 , 0.65 , 0.65 , 10 , 2 , 10000 , 1 , 0.662506 , 3 , 3 , 1 , 1 , 
MDP , 3 , 1 , 0.65 , 0.65 , 10 , 2 , 10000 , 1 , 0.665306 , 3 , 3 , 1 , 1 , 
MDP , 3 , 1 , 0.65 , 0.65 , 10 , 2 , 10000 , 1 , 0.406037 , 3 , 5 , 1 , 1 , 
MDP , 3 , 1 , 0.65 , 0.65 , 10 , 2 , 10000 , 1 , 0.784692 , 3 , 2 , 1 , 1 , 
MDP , 3 , 1 , 0.65 , 0.65 , 10 , 2 , 10000 , 1 , 0.593118 , 2 , 2 , 1 , 1 , 
MDP , 3 , 1 , 0.65 , 0.65 , 10 , 2 , 10000 , 1 , 0.778148 , 3 , 2 , 1 , 1 , 
MDP , 3 , 1 , 0.65 , 0.65 , 10 , 2 , 10000 , 1 , 0.446839 , 2 , 3 , 1 , 1 , 
MDP , 3 , 1 , 0.65 , 0.65 , 10 , 2 , 10000 , 1 , 0.93599 , 4 , 1 , 1 , 1 , 
MDP , 3 , 1 , 0.65 , 0.65 , 10 , 2 , 10000 , 1 , 0.212766 , 1 , 2 , 1 , 1 , 
MDP , 3 , 1 , 0.65 , 0.65 , 10 , 2 , 10000 , 1 , 0.730896 , 2 , 1 , 1 , 1 , 
MDP , 3 , 1 , 0.65 , 0.65 , 10 , 2 , 10000 , 1 , 0.431818 , 3 , 4 , 1 , 1 , 
MDP , 3 , 1 , 0.65 , 0.65 , 10 , 2 , 10000 , 1 , 0.467456 , 1 , 1 , 1 , 1 , 
MDP , 3 , 1 , 0.65 , 0.65 , 10 , 2 , 10000 , 1 , 0.670455 , 3 , 2 , 1 , 1 , 
MDP , 3 , 1 , 0.65 , 0.65 , 10 , 2 , 10000 , 1 , 0.31056 , 2 , 4 , 1 , 1 , 
MDP , 3 , 1 , 0.65 , 0.65 , 10 , 2 , 10000 , 1 , 0.781619 , 3 , 2 , 1 , 1 , 
MDP , 3 , 1 , 0.65 , 0.65 , 10 , 2 , 10000 , 1 , 0.318187 , 1 , 2 , 1 , 1 , 
MDP , 3 , 1 , 0.65 , 0.65 , 10 , 2 , 10000 , 1 , 0.872894 , 3 , 1 , 1 , 1 , 
MDP , 3 , 1 , 0.65 , 0.65 , 10 , 2 , 10000 , 1 , 0.815403 , 4 , 3 , 1 , 1 , 
MDP , 3 , 1 , 0.65 , 0.65 , 10 , 2 , 10000 , 1 , 0.445893 , 2 , 3 , 1 , 1 , 
MDP , 3 , 1 , 0.65 , 0.65 , 10 , 2 , 10000 , 1 , 0.885104 , 4 , 2 , 1 , 1 , 
MDP , 3 , 1 , 0.65 , 0.65 , 10 , 2 , 10000 , 1 , 0.593888 , 2 , 2 , 1 , 1 , 
MDP , 3 , 1 , 0.65 , 0.65 , 10 , 2 , 10000 , 1 , 0.461237 , 1 , 1 , 1 , 1 , 
MDP , 3 , 1 , 0.65 , 0.65 , 10 , 2 , 10000 , 1 , 0.934962 , 4 , 1 , 1 , 1 , 
MDP , 3 , 1 , 0.65 , 0.65 , 10 , 2 , 10000 , 1 , 0.747368 , 2 , 1 , 1 , 1 , 
MDP , 3 , 1 , 0.65 , 0.65 , 10 , 2 , 10000 , 1 , 0.896907 , 3 , 1 , 1 , 1 , 
MDP , 3 , 1 , 0.65 , 0.65 , 10 , 2 , 10000 , 1 , 0.594411 , 2 , 2 , 1 , 1 , 
MDP , 3 , 1 , 0.65 , 0.65 , 10 , 2 , 10000 , 1 , 0.312075 , 1 , 2 , 1 , 1 , 
MDP , 3 , 1 , 0.65 , 0.65 , 10 , 2 , 10000 , 1 , 0.815842 , 4 , 3 , 1 , 1 , 
MDP , 3 , 1 , 0.65 , 0.65 , 10 , 2 , 10000 , 1 , 0.312069 , 1 , 2 , 1 , 1 , 
MDP , 3 , 1 , 0.65 , 0.65 , 10 , 2 , 10000 , 1 , 0.425287 , 1 , 1 , 1 , 1 , 
MDP , 3 , 1 , 0.65 , 0.65 , 10 , 2 , 10000 , 1 , 0.302684 , 1 , 2 , 1 , 1 , 
MDP , 3 , 1 , 0.65 , 0.65 , 10 , 2 , 10000 , 1 , 0.0234875 , 1 , 7 , 1 , 1 , 
MDP , 3 , 1 , 0.65 , 0.65 , 10 , 2 , 10000 , 1 , 0.888537 , 4 , 2 , 1 , 1 , 
MDP , 3 , 1 , 0.65 , 0.65 , 10 , 2 , 10000 , 1 , 0.934567 , 4 , 1 , 1 , 1 , 
MDP , 3 , 1 , 0.65 , 0.65 , 10 , 2 , 10000 , 1 , 0.597609 , 2 , 2 , 1 , 1 , 
MDP , 3 , 1 , 0.65 , 0.65 , 10 , 2 , 10000 , 1 , 0.769231 , 3 , 2 , 1 , 1 , 
MDP , 3 , 1 , 0.65 , 0.65 , 10 , 2 , 10000 , 1 , 0.308428 , 1 , 2 , 1 , 1 , 
MDP , 3 , 1 , 0.65 , 0.65 , 10 , 2 , 10000 , 1 , 0.109491 , 1 , 4 , 1 , 1 , 
MDP , 3 , 1 , 0.65 , 0.65 , 10 , 2 , 10000 , 1 , 0.741573 , 2 , 1 , 1 , 1 , 
MDP , 3 , 1 , 0.65 , 0.65 , 10 , 2 , 10000 , 1 , 0.810178 , 4 , 3 , 1 , 1 , 
MDP , 3 , 1 , 0.65 , 0.65 , 10 , 2 , 10000 , 1 , 0.914894 , 3 , 1 , 1 , 1 , 
MDP , 3 , 1 , 0.65 , 0.65 , 10 , 2 , 10000 , 1 , 0.469805 , 1 , 1 , 1 , 1 , 
MDP , 3 , 1 , 0.65 , 0.65 , 10 , 2 , 10000 , 1 , 0.662229 , 3 , 3 , 1 , 1 , 
MDP , 3 , 1 , 0.65 , 0.65 , 10 , 2 , 10000 , 1 , 0.72093 , 2 , 1 , 1 , 1 , 
MDP , 3 , 1 , 0.65 , 0.65 , 10 , 2 , 10000 , 1 , 0.443372 , 2 , 3 , 1 , 1 , 
MDP , 3 , 1 , 0.65 , 0.65 , 10 , 2 , 10000 , 1 , 0.103093 , 1 , 4 , 1 , 1 , 
MDP , 3 , 1 , 0.65 , 0.65 , 10 , 2 , 10000 , 1 , 0.835294 , 3 , 2 , 1 , 1 , 
MDP , 3 , 1 , 0.65 , 0.65 , 10 , 2 , 10000 , 1 , 0.824176 , 3 , 1 , 1 , 1 , 
MDP , 3 , 1 , 0.65 , 0.65 , 10 , 2 , 10000 , 1 , 0.608696 , 2 , 2 , 1 , 1 , 
MDP , 3 , 1 , 0.65 , 0.65 , 10 , 2 , 10000 , 1 , 0.87169 , 3 , 1 , 1 , 1 , 
MDP , 3 , 1 , 0.65 , 0.65 , 10 , 2 , 10000 , 1 , 0.711111 , 2 , 1 , 1 , 1 , 
MDP , 3 , 1 , 0.65 , 0.65 , 10 , 2 , 10000 , 1 , 0.692308 , 3 , 3 , 1 , 1 , 
MDP , 3 , 1 , 0.65 , 0.65 , 10 , 2 , 10000 , 1 , 0.802198 , 4 , 3 , 1 , 1 , 
MDP , 3 , 1 , 0.65 , 0.65 , 10 , 2 , 10000 , 1 , 0.717391 , 2 , 1 , 1 , 1 , 
MDP , 3 , 1 , 0.65 , 0.65 , 10 , 2 , 10000 , 1 , 0.763441 , 3 , 2 , 1 , 1 , 
MDP , 3 , 1 , 0.65 , 0.65 , 10 , 2 , 10000 , 1 , 0.445104 , 2 , 3 , 1 , 1 , 
MDP , 3 , 1 , 0.65 , 0.65 , 10 , 2 , 10000 , 1 , 0.797872 , 3 , 2 , 1 , 1 , 
MDP , 3 , 1 , 0.65 , 0.65 , 10 , 2 , 10000 , 1 , 0.780776 , 3 , 2 , 1 , 1 , 
MDP , 3 , 1 , 0.65 , 0.65 , 10 , 2 , 10000 , 1 , 0.729299 , 2 , 1 , 1 , 1 , 
MDP , 3 , 1 , 0.65 , 0.65 , 10 , 2 , 10000 , 1 , 0.736335 , 2 , 1 , 1 , 1 , 
MDP , 3 , 1 , 0.65 , 0.65 , 10 , 2 , 10000 , 1 , 0.88409 , 4 , 2 , 1 , 1 , 
MDP , 3 , 1 , 0.65 , 0.65 , 10 , 2 , 10000 , 1 , 0.752809 , 2 , 1 , 1 , 1 , 
MDP , 3 , 1 , 0.65 , 0.65 , 10 , 2 , 10000 , 1 , 0.811765 , 3 , 1 , 1 , 1 , 
MDP , 3 , 1 , 0.65 , 0.65 , 10 , 2 , 10000 , 1 , 0.333333 , 1 , 2 , 1 , 1 , 
MDP , 3 , 1 , 0.65 , 0.65 , 10 , 2 , 10000 , 1 , 0.11785 , 1 , 4 , 1 , 1 , 
MDP , 3 , 1 , 0.65 , 0.65 , 10 , 2 , 10000 , 1 , 0.453903 , 2 , 3 , 1 , 1 , 
MDP , 3 , 1 , 0.65 , 0.65 , 10 , 2 , 10000 , 1 , 0.903226 , 4 , 2 , 1 , 1 , 
MDP , 3 , 1 , 0.65 , 0.65 , 10 , 2 , 10000 , 1 , 0.459683 , 1 , 1 , 1 , 1 , 
MDP , 3 , 1 , 0.65 , 0.65 , 10 , 2 , 10000 , 1 , 0.870968 , 3 , 1 , 1 , 1 , 
MDP , 3 , 1 , 0.7 , 0.7 , 10 , 2 , 10000 , 1 , 0.967339 , 5 , 1 , 1 , 1 , 
MDP , 3 , 1 , 0.7 , 0.7 , 10 , 2 , 10000 , 1 , 0.927083 , 3 , 1 , 1 , 1 , 
MDP , 3 , 1 , 0.7 , 0.7 , 10 , 2 , 10000 , 1 , 0.108556 , 1 , 4 , 1 , 1 , 
MDP , 3 , 1 , 0.7 , 0.7 , 10 , 2 , 10000 , 1 , 0.905541 , 5 , 3 , 1 , 1 , 
MDP , 3 , 1 , 0.7 , 0.7 , 10 , 2 , 10000 , 1 , 0.831461 , 3 , 1 , 1 , 1 , 
MDP , 3 , 1 , 0.7 , 0.7 , 10 , 2 , 10000 , 1 , 0.96875 , 4 , 1 , 1 , 1 , 
MDP , 3 , 1 , 0.7 , 0.7 , 10 , 2 , 10000 , 1 , 0.947116 , 5 , 2 , 1 , 1 , 
MDP , 3 , 1 , 0.7 , 0.7 , 10 , 2 , 10000 , 1 , 0.779823 , 3 , 2 , 1 , 1 , 
MDP , 3 , 1 , 0.7 , 0.7 , 10 , 2 , 10000 , 1 , 0.625 , 2 , 2 , 1 , 1 , 
MDP , 3 , 1 , 0.7 , 0.7 , 10 , 2 , 10000 , 1 , 0.58427 , 2 , 2 , 1 , 1 , 
MDP , 3 , 1 , 0.7 , 0.7 , 10 , 2 , 10000 , 1 , 0.874716 , 3 , 1 , 1 , 1 , 
MDP , 3 , 1 , 0.7 , 0.7 , 10 , 2 , 10000 , 1 , 0.804348 , 3 , 1 , 1 , 1 , 
MDP , 3 , 1 , 0.7 , 0.7 , 10 , 2 , 10000 , 1 , 0.873157 , 3 , 1 , 1 , 1 , 
MDP , 3 , 1 , 0.7 , 0.7 , 10 , 2 , 10000 , 1 , 0.588889 , 2 , 2 , 1 , 1 , 
MDP , 3 , 1 , 0.7 , 0.7 , 10 , 2 , 10000 , 1 , 0.774953 , 3 , 2 , 1 , 1 , 
MDP , 3 , 1 , 0.7 , 0.7 , 10 , 2 , 10000 , 1 , 0.589538 , 2 , 2 , 1 , 1 , 
MDP , 3 , 1 , 0.7 , 0.7 , 10 , 2 , 10000 , 1 , 0.467949 , 1 , 1 , 1 , 1 , 
MDP , 3 , 1 , 0.7 , 0.7 , 10 , 2 , 10000 , 1 , 0.681319 , 2 , 2 , 1 , 1 , 
MDP , 3 , 1 , 0.7 , 0.7 , 10 , 2 , 10000 , 1 , 0.468274 , 1 , 1 , 1 , 1 , 
MDP , 3 , 1 , 0.7 , 0.7 , 10 , 2 , 10000 , 1 , 0.76087 , 3 , 2 , 1 , 1 , 
MDP , 3 , 1 , 0.7 , 0.7 , 10 , 2 , 10000 , 1 , 0.835165 , 3 , 1 , 1 , 1 , 
MDP , 3 , 1 , 0.7 , 0.7 , 10 , 2 , 10000 , 1 , 0.811298 , 4 , 3 , 1 , 1 , 
MDP , 3 , 1 , 0.7 , 0.7 , 10 , 2 , 10000 , 1 , 0.989899 , 5 , 1 , 1 , 1 , 
MDP , 3 , 1 , 0.7 , 0.7 , 10 , 2 , 10000 , 1 , 0.576087 , 2 , 2 , 1 , 1 , 
MDP , 3 , 1 , 0.7 , 0.7 , 10 , 2 , 10000 , 1 , 0.913978 , 4 , 2 , 1 , 1 , 
MDP , 3 , 1 , 0.7 , 0.7 , 10 , 2 , 10000 , 1 , 0.871107 , 3 , 1 , 1 , 1 , 
MDP , 3 , 1 , 0.7 , 0.7 , 10 , 2 , 10000 , 1 , 0.192662 , 1 , 3 , 1 , 1 , 
MDP , 3 , 1 , 0.7 , 0.7 , 10 , 2 , 10000 , 1 , 0.758242 , 2 , 1 , 1 , 1 , 
MDP , 3 , 1 , 0.7 , 0.7 , 10 , 2 , 10000 , 1 , 0.782165 , 3 , 2 , 1 , 1 , 
MDP , 3 , 1 , 0.7 , 0.7 , 10 , 2 , 10000 , 1 , 0.781046 , 3 , 2 , 1 , 1 , 
MDP , 3 , 1 , 0.7 , 0.7 , 10 , 2 , 10000 , 1 , 0.742998 , 2 , 1 , 1 , 1 , 
MDP , 3 , 1 , 0.7 , 0.7 , 10 , 2 , 10000 , 1 , 0.777839 , 3 , 2 , 1 , 1 , 
MDP , 3 , 1 , 0.7 , 0.7 , 10 , 2 , 10000 , 1 , 0.939972 , 4 , 1 , 1 , 1 , 
MDP , 3 , 1 , 0.7 , 0.7 , 10 , 2 , 10000 , 1 , 0.454821 , 1 , 1 , 1 , 1 , 
MDP , 3 , 1 , 0.7 , 0.7 , 10 , 2 , 10000 , 1 , 0.783129 , 3 , 2 , 1 , 1 , 
MDP , 3 , 1 , 0.7 , 0.7 , 10 , 2 , 10000 , 1 , 0.153846 , 1 , 3 , 1 , 1 , 
MDP , 3 , 1 , 0.7 , 0.7 , 10 , 2 , 10000 , 1 , 0.586295 , 2 , 2 , 1 , 1 , 
MDP , 3 , 1 , 0.7 , 0.7 , 10 , 2 , 10000 , 1 , 0.969347 , 5 , 1 , 1 , 1 , 
MDP , 3 , 1 , 0.7 , 0.7 , 10 , 2 , 10000 , 1 , 0.680851 , 2 , 1 , 1 , 1 , 
MDP , 3 , 1 , 0.7 , 0.7 , 10 , 2 , 10000 , 1 , 0.970118 , 5 , 1 , 1 , 1 , 
MDP , 3 , 1 , 0.7 , 0.7 , 10 , 2 , 10000 , 1 , 0.605187 , 2 , 2 , 1 , 1 , 
MDP , 3 , 1 , 0.7 , 0.7 , 10 , 2 , 10000 , 1 , 0.635417 , 2 , 1 , 1 , 1 , 
MDP , 3 , 1 , 0.7 , 0.7 , 10 , 2 , 10000 , 1 , 0.606864 , 2 , 2 , 1 , 1 , 
MDP , 3 , 1 , 0.7 , 0.7 , 10 , 2 , 10000 , 1 , 0.757895 , 2 , 1 , 1 , 1 , 
MDP , 3 , 1 , 0.7 , 0.7 , 10 , 2 , 10000 , 1 , 0.458852 , 1 , 1 , 1 , 1 , 
MDP , 3 , 1 , 0.7 , 0.7 , 10 , 2 , 10000 , 1 , 0.777097 , 3 , 2 , 1 , 1 , 
MDP , 3 , 1 , 0.7 , 0.7 , 10 , 2 , 10000 , 1 , 0.778823 , 3 , 2 , 1 , 1 , 
MDP , 3 , 1 , 0.7 , 0.7 , 10 , 2 , 10000 , 1 , 0.739192 , 2 , 1 , 1 , 1 , 
MDP , 3 , 1 , 0.7 , 0.7 , 10 , 2 , 10000 , 1 , 0.193548 , 1 , 2 , 1 , 1 , 
MDP , 3 , 1 , 0.7 , 0.7 , 10 , 2 , 10000 , 1 , 0.971342 , 5 , 1 , 1 , 1 , 
MDP , 3 , 1 , 0.7 , 0.7 , 10 , 2 , 10000 , 1 , 0.933432 , 4 , 1 , 1 , 1 , 
MDP , 3 , 1 , 0.7 , 0.7 , 10 , 2 , 10000 , 1 , 0.83908 , 3 , 1 , 1 , 1 , 
MDP , 3 , 1 , 0.7 , 0.7 , 10 , 2 , 10000 , 1 , 0.315216 , 1 , 2 , 1 , 1 , 
MDP , 3 , 1 , 0.7 , 0.7 , 10 , 2 , 10000 , 1 , 0.887114 , 4 , 2 , 1 , 1 , 
MDP , 3 , 1 , 0.7 , 0.7 , 10 , 2 , 10000 , 1 , 0.785161 , 3 , 2 , 1 , 1 , 
MDP , 3 , 1 , 0.7 , 0.7 , 10 , 2 , 10000 , 1 , 0.787321 , 3 , 2 , 1 , 1 , 
MDP , 3 , 1 , 0.7 , 0.7 , 10 , 2 , 10000 , 1 , 0.198145 , 1 , 3 , 1 , 1 , 
MDP , 3 , 1 , 0.7 , 0.7 , 10 , 2 , 10000 , 1 , 0.857143 , 3 , 2 , 1 , 1 , 
MDP , 3 , 1 , 0.7 , 0.7 , 10 , 2 , 10000 , 1 , 0.597258 , 2 , 2 , 1 , 1 , 
MDP , 3 , 1 , 0.7 , 0.7 , 10 , 2 , 10000 , 1 , 0.776391 , 3 , 2 , 1 , 1 , 
MDP , 3 , 1 , 0.7 , 0.7 , 10 , 2 , 10000 , 1 , 0.937162 , 4 , 1 , 1 , 1 , 
MDP , 3 , 1 , 0.7 , 0.7 , 10 , 2 , 10000 , 1 , 0.595607 , 2 , 2 , 1 , 1 , 
MDP , 3 , 1 , 0.7 , 0.7 , 10 , 2 , 10000 , 1 , 0.875433 , 3 , 1 , 1 , 1 , 
MDP , 3 , 1 , 0.7 , 0.7 , 10 , 2 , 10000 , 1 , 0.936312 , 4 , 1 , 1 , 1 , 
MDP , 3 , 1 , 0.7 , 0.7 , 10 , 2 , 10000 , 1 , 0.976886 , 5 , 1 , 1 , 1 , 
MDP , 3 , 1 , 0.7 , 0.7 , 10 , 2 , 10000 , 1 , 0.729316 , 2 , 1 , 1 , 1 , 
MDP , 3 , 1 , 0.7 , 0.7 , 10 , 2 , 10000 , 1 , 0.781036 , 3 , 2 , 1 , 1 , 
MDP , 3 , 1 , 0.7 , 0.7 , 10 , 2 , 10000 , 1 , 0.806818 , 3 , 2 , 1 , 1 , 
MDP , 3 , 1 , 0.7 , 0.7 , 10 , 2 , 10000 , 1 , 0.623529 , 3 , 3 , 1 , 1 , 
MDP , 3 , 1 , 0.7 , 0.7 , 10 , 2 , 10000 , 1 , 0.866212 , 3 , 1 , 1 , 1 , 
MDP , 3 , 1 , 0.7 , 0.7 , 10 , 2 , 10000 , 1 , 0.941026 , 4 , 1 , 1 , 1 , 
MDP , 3 , 1 , 0.7 , 0.7 , 10 , 2 , 10000 , 1 , 0.885198 , 4 , 2 , 1 , 1 , 
MDP , 3 , 1 , 0.7 , 0.7 , 10 , 2 , 10000 , 1 , 0.934454 , 4 , 1 , 1 , 1 , 
MDP , 3 , 1 , 0.7 , 0.7 , 10 , 2 , 10000 , 1 , 0.731877 , 2 , 1 , 1 , 1 , 
MDP , 3 , 1 , 0.7 , 0.7 , 10 , 2 , 10000 , 1 , 0.671093 , 3 , 3 , 1 , 1 , 
MDP , 3 , 1 , 0.7 , 0.7 , 10 , 2 , 10000 , 1 , 0.540608 , 3 , 4 , 1 , 1 , 
MDP , 3 , 1 , 0.7 , 0.7 , 10 , 2 , 10000 , 1 , 0.6 , 2 , 2 , 1 , 1 , 
MDP , 3 , 1 , 0.7 , 0.7 , 10 , 2 , 10000 , 1 , 0.900262 , 5 , 3 , 1 , 1 , 
MDP , 3 , 1 , 0.7 , 0.7 , 10 , 2 , 10000 , 1 , 0.782662 , 3 , 2 , 1 , 1 , 
MDP , 3 , 1 , 0.7 , 0.7 , 10 , 2 , 10000 , 1 , 0.73743 , 2 , 1 , 1 , 1 , 
MDP , 3 , 1 , 0.7 , 0.7 , 10 , 2 , 10000 , 1 , 0.826087 , 4 , 2 , 1 , 1 , 
MDP , 3 , 1 , 0.7 , 0.7 , 10 , 2 , 10000 , 1 , 0.453078 , 2 , 3 , 1 , 1 , 
MDP , 3 , 1 , 0.7 , 0.7 , 10 , 2 , 10000 , 1 , 0.466609 , 1 , 1 , 1 , 1 , 
MDP , 3 , 1 , 0.7 , 0.7 , 10 , 2 , 10000 , 1 , 0.780954 , 3 , 2 , 1 , 1 , 
MDP , 3 , 1 , 0.7 , 0.7 , 10 , 2 , 10000 , 1 , 0.877436 , 3 , 1 , 1 , 1 , 
MDP , 3 , 1 , 0.7 , 0.7 , 10 , 2 , 10000 , 1 , 0.252747 , 1 , 2 , 1 , 1 , 
MDP , 3 , 1 , 0.7 , 0.7 , 10 , 2 , 10000 , 1 , 0.59476 , 2 , 2 , 1 , 1 , 
MDP , 3 , 1 , 0.7 , 0.7 , 10 , 2 , 10000 , 1 , 0.870068 , 3 , 1 , 1 , 1 , 
MDP , 3 , 1 , 0.7 , 0.7 , 10 , 2 , 10000 , 1 , 0.940087 , 4 , 1 , 1 , 1 , 
MDP , 3 , 1 , 0.7 , 0.7 , 10 , 2 , 10000 , 1 , 0.425532 , 1 , 1 , 1 , 1 , 
MDP , 3 , 1 , 0.7 , 0.7 , 10 , 2 , 10000 , 1 , 0.867849 , 3 , 1 , 1 , 1 , 
MDP , 3 , 1 , 0.7 , 0.7 , 10 , 2 , 10000 , 1 , 0.714286 , 2 , 1 , 1 , 1 , 
MDP , 3 , 1 , 0.7 , 0.7 , 10 , 2 , 10000 , 1 , 0.662257 , 3 , 3 , 1 , 1 , 
MDP , 3 , 1 , 0.7 , 0.7 , 10 , 2 , 10000 , 1 , 0.595212 , 2 , 2 , 1 , 1 , 
MDP , 3 , 1 , 0.7 , 0.7 , 10 , 2 , 10000 , 1 , 0.732118 , 2 , 1 , 1 , 1 , 
MDP , 3 , 1 , 0.7 , 0.7 , 10 , 2 , 10000 , 1 , 0.922222 , 3 , 1 , 1 , 1 , 
MDP , 3 , 1 , 0.7 , 0.7 , 10 , 2 , 10000 , 1 , 0.795455 , 3 , 2 , 1 , 1 , 
MDP , 3 , 1 , 0.7 , 0.7 , 10 , 2 , 10000 , 1 , 0.867199 , 3 , 1 , 1 , 1 , 
MDP , 3 , 1 , 0.7 , 0.7 , 10 , 2 , 10000 , 1 , 0.948454 , 5 , 1 , 1 , 1 , 
MDP , 3 , 1 , 0.7 , 0.7 , 10 , 2 , 10000 , 1 , 0.972534 , 5 , 1 , 1 , 1 , 
MDP , 3 , 1 , 0.75 , 0.75 , 10 , 2 , 10000 , 1 , 0.967339 , 5 , 1 , 1 , 1 , 
MDP , 3 , 1 , 0.75 , 0.75 , 10 , 2 , 10000 , 1 , 0.927083 , 3 , 1 , 1 , 1 , 
MDP , 3 , 1 , 0.75 , 0.75 , 10 , 2 , 10000 , 1 , 0.923913 , 3 , 1 , 1 , 1 , 
MDP , 3 , 1 , 0.75 , 0.75 , 10 , 2 , 10000 , 1 , 0.869565 , 4 , 2 , 1 , 1 , 
MDP , 3 , 1 , 0.75 , 0.75 , 10 , 2 , 10000 , 1 , 0.786974 , 3 , 2 , 1 , 1 , 
MDP , 3 , 1 , 0.75 , 0.75 , 10 , 2 , 10000 , 1 , 0.593407 , 2 , 2 , 1 , 1 , 
MDP , 3 , 1 , 0.75 , 0.75 , 10 , 2 , 10000 , 1 , 0.975891 , 6 , 2 , 1 , 1 , 
MDP , 3 , 1 , 0.75 , 0.75 , 10 , 2 , 10000 , 1 , 0.873244 , 3 , 1 , 1 , 1 , 
MDP , 3 , 1 , 0.75 , 0.75 , 10 , 2 , 10000 , 1 , 0.956989 , 4 , 2 , 1 , 1 , 
MDP , 3 , 1 , 0.75 , 0.75 , 10 , 2 , 10000 , 1 , 0.734265 , 2 , 1 , 1 , 1 , 
MDP , 3 , 1 , 0.75 , 0.75 , 10 , 2 , 10000 , 1 , 0.595647 , 2 , 2 , 1 , 1 , 
MDP , 3 , 1 , 0.75 , 0.75 , 10 , 2 , 10000 , 1 , 0.922222 , 4 , 2 , 1 , 1 , 
MDP , 3 , 1 , 0.75 , 0.75 , 10 , 2 , 10000 , 1 , 0.973949 , 5 , 1 , 1 , 1 , 
MDP , 3 , 1 , 0.75 , 0.75 , 10 , 2 , 10000 , 1 , 0.989796 , 5 , 1 , 1 , 1 , 
MDP , 3 , 1 , 0.75 , 0.75 , 10 , 2 , 10000 , 1 , 0.917526 , 5 , 2 , 1 , 1 , 
MDP , 3 , 1 , 0.75 , 0.75 , 10 , 2 , 10000 , 1 , 0.938529 , 4 , 1 , 1 , 1 , 
MDP , 3 , 1 , 0.75 , 0.75 , 10 , 2 , 10000 , 1 , 0.696629 , 2 , 1 , 1 , 1 , 
MDP , 3 , 1 , 0.75 , 0.75 , 10 , 2 , 10000 , 1 , 0.858696 , 3 , 1 , 1 , 1 , 
MDP , 3 , 1 , 0.75 , 0.75 , 10 , 2 , 10000 , 1 , 0.871986 , 3 , 1 , 1 , 1 , 
MDP , 3 , 1 , 0.75 , 0.75 , 10 , 2 , 10000 , 1 , 0.861702 , 3 , 1 , 1 , 1 , 
MDP , 3 , 1 , 0.75 , 0.75 , 10 , 2 , 10000 , 1 , 0.594577 , 2 , 2 , 1 , 1 , 
MDP , 3 , 1 , 0.75 , 0.75 , 10 , 2 , 10000 , 1 , 0.658251 , 3 , 3 , 1 , 1 , 
MDP , 3 , 1 , 0.75 , 0.75 , 10 , 2 , 10000 , 1 , 0.936842 , 4 , 1 , 1 , 1 , 
MDP , 3 , 1 , 0.75 , 0.75 , 10 , 2 , 10000 , 1 , 0.723185 , 2 , 1 , 1 , 1 , 
MDP , 3 , 1 , 0.75 , 0.75 , 10 , 2 , 10000 , 1 , 0.811111 , 4 , 2 , 1 , 1 , 
MDP , 3 , 1 , 0.75 , 0.75 , 10 , 2 , 10000 , 1 , 0.913978 , 3 , 1 , 1 , 1 , 
MDP , 3 , 1 , 0.75 , 0.75 , 10 , 2 , 10000 , 1 , 0.741538 , 2 , 1 , 1 , 1 , 
MDP , 3 , 1 , 0.75 , 0.75 , 10 , 2 , 10000 , 1 , 0.940801 , 5 , 2 , 1 , 1 , 
MDP , 3 , 1 , 0.75 , 0.75 , 10 , 2 , 10000 , 1 , 0.943894 , 5 , 2 , 1 , 1 , 
MDP , 3 , 1 , 0.75 , 0.75 , 10 , 2 , 10000 , 1 , 0.731616 , 2 , 1 , 1 , 1 , 
MDP , 3 , 1 , 0.75 , 0.75 , 10 , 2 , 10000 , 1 , 0.836957 , 3 , 1 , 1 , 1 , 
MDP , 3 , 1 , 0.75 , 0.75 , 10 , 2 , 10000 , 1 , 0.889084 , 4 , 2 , 1 , 1 , 
MDP , 3 , 1 , 0.75 , 0.75 , 10 , 2 , 10000 , 1 , 0.725275 , 2 , 1 , 1 , 1 , 
MDP , 3 , 1 , 0.75 , 0.75 , 10 , 2 , 10000 , 1 , 0.652174 , 2 , 1 , 1 , 1 , 
MDP , 3 , 1 , 0.75 , 0.75 , 10 , 2 , 10000 , 1 , 0.186162 , 1 , 3 , 1 , 1 , 
MDP , 3 , 1 , 0.75 , 0.75 , 10 , 2 , 10000 , 1 , 0.922222 , 3 , 1 , 1 , 1 , 
MDP , 3 , 1 , 0.75 , 0.75 , 10 , 2 , 10000 , 1 , 0.866552 , 3 , 1 , 1 , 1 , 
MDP , 3 , 1 , 0.75 , 0.75 , 10 , 2 , 10000 , 1 , 0.945897 , 5 , 2 , 1 , 1 , 
MDP , 3 , 1 , 0.75 , 0.75 , 10 , 2 , 10000 , 1 , 0.937354 , 4 , 1 , 1 , 1 , 
MDP , 3 , 1 , 0.75 , 0.75 , 10 , 2 , 10000 , 1 , 0.462366 , 1 , 1 , 1 , 1 , 
MDP , 3 , 1 , 0.75 , 0.75 , 10 , 2 , 10000 , 1 , 0.879121 , 3 , 1 , 1 , 1 , 
MDP , 3 , 1 , 0.75 , 0.75 , 10 , 2 , 10000 , 1 , 0.470569 , 1 , 1 , 1 , 1 , 
MDP , 3 , 1 , 0.75 , 0.75 , 10 , 2 , 10000 , 1 , 0.304268 , 1 , 2 , 1 , 1 , 
MDP , 3 , 1 , 0.75 , 0.75 , 10 , 2 , 10000 , 1 , 0.782638 , 3 , 2 , 1 , 1 , 
MDP , 3 , 1 , 0.75 , 0.75 , 10 , 2 , 10000 , 1 , 0.868759 , 3 , 1 , 1 , 1 , 
MDP , 3 , 1 , 0.75 , 0.75 , 10 , 2 , 10000 , 1 , 0.887501 , 4 , 2 , 1 , 1 , 
MDP , 3 , 1 , 0.75 , 0.75 , 10 , 2 , 10000 , 1 , 0.31977 , 2 , 4 , 1 , 1 , 
MDP , 3 , 1 , 0.75 , 0.75 , 10 , 2 , 10000 , 1 , 0.865169 , 4 , 2 , 1 , 1 , 
MDP , 3 , 1 , 0.75 , 0.75 , 10 , 2 , 10000 , 1 , 0.829787 , 3 , 2 , 1 , 1 , 
MDP , 3 , 1 , 0.75 , 0.75 , 10 , 2 , 10000 , 1 , 0.730337 , 3 , 2 , 1 , 1 , 
MDP , 3 , 1 , 0.75 , 0.75 , 10 , 2 , 10000 , 1 , 0.443565 , 2 , 3 , 1 , 1 , 
MDP , 3 , 1 , 0.75 , 0.75 , 10 , 2 , 10000 , 1 , 0.737205 , 2 , 1 , 1 , 1 , 
MDP , 3 , 1 , 0.75 , 0.75 , 10 , 2 , 10000 , 1 , 0.588404 , 2 , 2 , 1 , 1 , 
MDP , 3 , 1 , 0.75 , 0.75 , 10 , 2 , 10000 , 1 , 0.78022 , 2 , 1 , 1 , 1 , 
MDP , 3 , 1 , 0.75 , 0.75 , 10 , 2 , 10000 , 1 , 0.755319 , 2 , 1 , 1 , 1 , 
MDP , 3 , 1 , 0.75 , 0.75 , 10 , 2 , 10000 , 1 , 0.268041 , 1 , 2 , 1 , 1 , 
MDP , 3 , 1 , 0.75 , 0.75 , 10 , 2 , 10000 , 1 , 0.933411 , 4 , 1 , 1 , 1 , 
MDP , 3 , 1 , 0.75 , 0.75 , 10 , 2 , 10000 , 1 , 0.159574 , 1 , 3 , 1 , 1 , 
MDP , 3 , 1 , 0.75 , 0.75 , 10 , 2 , 10000 , 1 , 0.595106 , 2 , 2 , 1 , 1 , 
MDP , 3 , 1 , 0.75 , 0.75 , 10 , 2 , 10000 , 1 , 0.593892 , 2 , 2 , 1 , 1 , 
MDP , 3 , 1 , 0.75 , 0.75 , 10 , 2 , 10000 , 1 , 0.94191 , 5 , 2 , 1 , 1 , 
MDP , 3 , 1 , 0.75 , 0.75 , 10 , 2 , 10000 , 1 , 0.478261 , 1 , 1 , 1 , 1 , 
MDP , 3 , 1 , 0.75 , 0.75 , 10 , 2 , 10000 , 1 , 0.78488 , 3 , 2 , 1 , 1 , 
MDP , 3 , 1 , 0.75 , 0.75 , 10 , 2 , 10000 , 1 , 0.979381 , 5 , 1 , 1 , 1 , 
MDP , 3 , 1 , 0.75 , 0.75 , 10 , 2 , 10000 , 1 , 0.672451 , 3 , 3 , 1 , 1 , 
MDP , 3 , 1 , 0.75 , 0.75 , 10 , 2 , 10000 , 1 , 0.813953 , 4 , 3 , 1 , 1 , 
MDP , 3 , 1 , 0.75 , 0.75 , 10 , 2 , 10000 , 1 , 0.936398 , 4 , 1 , 1 , 1 , 
MDP , 3 , 1 , 0.75 , 0.75 , 10 , 2 , 10000 , 1 , 0.744444 , 2 , 1 , 1 , 1 , 
MDP , 3 , 1 , 0.75 , 0.75 , 10 , 2 , 10000 , 1 , 0.93662 , 4 , 1 , 1 , 1 , 
MDP , 3 , 1 , 0.75 , 0.75 , 10 , 2 , 10000 , 1 , 0.489583 , 1 , 1 , 1 , 1 , 
MDP , 3 , 1 , 0.75 , 0.75 , 10 , 2 , 10000 , 1 , 0.949523 , 6 , 3 , 1 , 1 , 
MDP , 3 , 1 , 0.75 , 0.75 , 10 , 2 , 10000 , 1 , 0.73828 , 2 , 1 , 1 , 1 , 
MDP , 3 , 1 , 0.75 , 0.75 , 10 , 2 , 10000 , 1 , 0.736652 , 2 , 1 , 1 , 1 , 
MDP , 3 , 1 , 0.75 , 0.75 , 10 , 2 , 10000 , 1 , 0.869239 , 3 , 1 , 1 , 1 , 
MDP , 3 , 1 , 0.75 , 0.75 , 10 , 2 , 10000 , 1 , 0.593018 , 2 , 2 , 1 , 1 , 
MDP , 3 , 1 , 0.75 , 0.75 , 10 , 2 , 10000 , 1 , 0.78132 , 3 , 2 , 1 , 1 , 
MDP , 3 , 1 , 0.75 , 0.75 , 10 , 2 , 10000 , 1 , 0.868648 , 3 , 1 , 1 , 1 , 
MDP , 3 , 1 , 0.75 , 0.75 , 10 , 2 , 10000 , 1 , 0.595868 , 2 , 2 , 1 , 1 , 
MDP , 3 , 1 , 0.75 , 0.75 , 10 , 2 , 10000 , 1 , 0.78355 , 3 , 2 , 1 , 1 , 
MDP , 3 , 1 , 0.75 , 0.75 , 10 , 2 , 10000 , 1 , 0.758242 , 3 , 2 , 1 , 1 , 
MDP , 3 , 1 , 0.75 , 0.75 , 10 , 2 , 10000 , 1 , 0.956522 , 4 , 1 , 1 , 1 , 
MDP , 3 , 1 , 0.75 , 0.75 , 10 , 2 , 10000 , 1 , 0.864754 , 3 , 1 , 1 , 1 , 
MDP , 3 , 1 , 0.75 , 0.75 , 10 , 2 , 10000 , 1 , 0.344444 , 1 , 2 , 1 , 1 , 
MDP , 3 , 1 , 0.75 , 0.75 , 10 , 2 , 10000 , 1 , 0.195876 , 1 , 3 , 1 , 1 , 
MDP , 3 , 1 , 0.75 , 0.75 , 10 , 2 , 10000 , 1 , 0.303848 , 1 , 2 , 1 , 1 , 
MDP , 3 , 1 , 0.75 , 0.75 , 10 , 2 , 10000 , 1 , 0.815402 , 4 , 3 , 1 , 1 , 
MDP , 3 , 1 , 0.75 , 0.75 , 10 , 2 , 10000 , 1 , 0.884839 , 4 , 2 , 1 , 1 , 
MDP , 3 , 1 , 0.75 , 0.75 , 10 , 2 , 10000 , 1 , 0.892473 , 4 , 2 , 1 , 1 , 
MDP , 3 , 1 , 0.75 , 0.75 , 10 , 2 , 10000 , 1 , 0.995229 , 8 , 1 , 1 , 1 , 
MDP , 3 , 1 , 0.75 , 0.75 , 10 , 2 , 10000 , 1 , 0.810717 , 4 , 3 , 1 , 1 , 
MDP , 3 , 1 , 0.75 , 0.75 , 10 , 2 , 10000 , 1 , 0.810445 , 4 , 3 , 1 , 1 , 
MDP , 3 , 1 , 0.75 , 0.75 , 10 , 2 , 10000 , 1 , 0.594067 , 2 , 2 , 1 , 1 , 
MDP , 3 , 1 , 0.75 , 0.75 , 10 , 2 , 10000 , 1 , 0.375 , 1 , 1 , 1 , 1 , 
MDP , 3 , 1 , 0.75 , 0.75 , 10 , 2 , 10000 , 1 , 0.968421 , 4 , 1 , 1 , 1 , 
MDP , 3 , 1 , 0.75 , 0.75 , 10 , 2 , 10000 , 1 , 0.893217 , 4 , 2 , 1 , 1 , 
MDP , 3 , 1 , 0.75 , 0.75 , 10 , 2 , 10000 , 1 , 0.730089 , 2 , 1 , 1 , 1 , 
MDP , 3 , 1 , 0.75 , 0.75 , 10 , 2 , 10000 , 1 , 0.925532 , 4 , 1 , 1 , 1 , 
MDP , 3 , 1 , 0.75 , 0.75 , 10 , 2 , 10000 , 1 , 0.731131 , 2 , 1 , 1 , 1 , 
MDP , 3 , 1 , 0.75 , 0.75 , 10 , 2 , 10000 , 1 , 0.969162 , 5 , 1 , 1 , 1 , 
MDP , 3 , 1 , 0.75 , 0.75 , 10 , 2 , 10000 , 1 , 0.969388 , 5 , 1 , 1 , 1 , 
